signal_time,fill_time,symbol,side,qty,fill_price,commission,slip,slip_dir,strategy_id,exit_reason
2023-07-16,2023-07-17,BNB-USDT,buy,51.06628445390352,242.42115,12.379547403542414,0.12115000000000001,positive,TrendUp,signal
2023-07-17,2023-07-18,BTC-USDT,buy,0.5868188485835086,30153.079004999996,17.694395102961664,15.069004999999999,positive,TrendUp,signal
2023-07-18,2023-07-19,ETH-USDT,buy,8.291862458889932,1898.1586049999999,15.739270077818382,0.948605,positive,TrendUp,signal
2023-07-18,2023-07-19,BTC-USDT,sell,0.5868188485835086,29844.210430000003,17.513145201416542,14.92957,negative,TrendUp,Close below SMA30
2023-07-18,2023-07-19,BNB-USDT,sell,51.06628445390352,240.17985000000002,12.265092540195882,0.12015,negative,TrendUp,Close below SMA30
2023-07-19,2023-07-20,ETH-USDT,sell,8.291862458889932,1887.6956800000003,15.652512942800707,0.94432,negative,TrendUp,Close below SMA30
2023-07-19,2023-07-20,BTC-USDT,buy,0.6114871969672495,29924.164604999998,18.29824353589803,14.954604999999999,positive,TrendUp,signal
2023-07-20,2023-07-21,ETH-USDT,buy,8.554030722321494,1892.5357949999998,16.188809333523132,0.9457949999999999,positive,TrendUp,signal
2023-07-20,2023-07-21,BTC-USDT,sell,0.6114871969672495,29785.100000000002,18.213207310389226,14.9,negative,Router,StateSwitch
2023-07-21,2023-07-22,ETH-USDT,sell,8.554030722321494,1890.784135,16.173825580068073,0.9458650000000001,negative,Router,StateSwitch
2023-08-01,2023-08-02,ETH-USDT,short,10.95721986153015,1872.5432600000001,20.51786820004642,0.93674,negative,TrendDown,signal
2023-08-01,2023-08-02,BTC-USDT,short,0.7497157564033551,29691.137005000004,22.259913238179227,14.852995000000002,negative,TrendDown,signal
2023-08-02,2023-08-03,BNB-USDT,buy,144.0380229154692,240.82034999999996,34.687287091811314,0.12035,positive,RangeMeanReversion,signal
2023-08-02,2023-08-03,SOL-USDT,buy,303.69123300587614,23.15157,7.030928839321852,0.01157,positive,TrendUp,signal
2023-08-03,2023-08-04,SOL-USDT,sell,303.69123300587614,22.638675,6.875167124369303,0.011325,negative,TrendUp,Close below SMA30
2023-08-04,2023-08-05,BNB-USDT,sell,144.0380229154692,241.57915,34.79658314359957,0.12085,negative,RangeMeanReversion,Target hit (Mid Band)
2023-08-08,2023-08-09,BNB-USDT,short,165.41870302703364,245.0774,40.540385649237535,0.1226,negative,RangeMeanReversion,signal
2023-08-10,2023-08-11,BNB-USDT,cover,165.41870302703364,241.62075,39.96859108941914,0.12075,positive,RangeMeanReversion,Target hit (Mid Band)
2023-08-29,2023-08-30,BTC-USDT,cover,0.7497157564033551,27730.19817,20.789766496236485,13.858170000000001,positive,TrendDown,Stop/Trail hit
2023-09-13,2023-09-14,BTC-USDT,short,0.7078982003534755,26208.889000000003,18.553225356364003,13.111,negative,TrendDown,signal
2023-09-14,2023-09-15,BTC-USDT,cover,0.7078982003534755,26535.991364999998,18.784780531878862,13.261365,positive,TrendDown,Close above SMA30
2023-09-15,2023-09-16,BNB-USDT,short,93.62892447197079,213.99295,20.035929753084222,0.10705,negative,TrendDown,signal
2023-09-17,2023-09-18,BNB-USDT,cover,93.62892447197079,216.5082,20.271429905362343,0.1082,positive,TrendDown,Close above SMA30
2023-09-23,2023-09-24,SOL-USDT,short,554.4225902617942,19.470260000000003,10.794751982270604,0.00974,negative,TrendDown,signal
2023-09-24,2023-09-25,BTC-USDT,buy,0.8243786192897078,26261.514195,21.64943081253116,13.124195,positive,TrendUp,signal
2023-09-26,2023-09-27,BTC-USDT,sell,0.8243786192897078,26208.569160000003,21.60578405767962,13.11084,negative,TrendUp,Close below SMA30
2023-09-26,2023-09-27,BNB-USDT,short,109.40149065600433,212.49370000000002,23.24712753500979,0.1063,negative,TrendDown,signal
2023-09-27,2023-09-28,BTC-USDT,buy,0.8563256278325537,26386.1865,22.595167720719353,13.1865,positive,TrendUp,signal
2023-09-28,2023-09-29,ETH-USDT,cover,10.95721986153015,1653.8265,18.12134057332489,0.8265,positive,TrendDown,Close above SMA30
2023-09-28,2023-09-29,BNB-USDT,cover,109.40149065600433,215.1075,23.53308115128645,0.1075,positive,TrendDown,Close above SMA30
2023-09-28,2023-09-29,SOL-USDT,cover,554.4225902617942,19.979985,11.077355037091793,0.009984999999999999,positive,TrendDown,Close above SMA30
2023-10-11,2023-10-12,BTC-USDT,sell,0.8563256278325537,26862.082240000003,23.002689439057693,13.43776,negative,TrendUp,Close below SMA30
2023-10-12,2023-10-13,BTC-USDT,buy,0.7982291126597081,26773.009815,21.370995867857108,13.379815,positive,TrendUp,signal
2023-10-13,2023-10-14,BTC-USDT,sell,0.7982291126597081,26848.569000000003,21.43130940905295,13.431000000000001,negative,Router,StateSwitch
2023-10-17,2023-10-18,BNB-USDT,short,98.88369392980036,211.29430000000002,20.89356089031142,0.1057,negative,TrendDown,signal
2023-10-20,2023-10-21,ETH-USDT,short,11.459802057272123,1603.0780600000003,18.370957249955804,0.8019400000000001,negative,TrendDown,signal
2023-10-21,2023-10-22,ETH-USDT,cover,11.459802057272123,1629.7544699999999,18.67666362815444,0.81447,positive,TrendDown,Close above SMA30
2023-10-21,2023-10-22,BNB-USDT,cover,98.88369392980036,214.30709999999996,21.191477683383116,0.1071,positive,TrendDown,Close above SMA30
2023-11-21,2023-11-22,BNB-USDT,buy,38.624542029502976,225.61274999999998,8.714189144766745,0.11275,positive,TrendUp,signal
2023-11-22,2023-11-23,BNB-USDT,sell,38.624542029502976,236.0819,9.11855526895492,0.1181,negative,TrendUp,Close below SMA30
2023-12-19,2023-12-20,ETH-USDT,buy,5.5252452907152145,2178.98895,12.039448434507989,1.08895,positive,TrendUp,signal
2023-12-29,2023-12-30,BTC-USDT,buy,0.34384750260685676,42087.97347,14.471844567443142,21.03347,positive,TrendUp,signal
2023-12-30,2023-12-31,BTC-USDT,sell,0.34384750260685676,42119.219855,14.482588558890885,21.070145,negative,TrendUp,Close below SMA30
2024-01-03,2024-01-04,ETH-USDT,sell,5.5252452907152145,2208.61514,12.203140401287325,1.10486,negative,TrendUp,Close below SMA30
2024-01-05,2024-01-06,ETH-USDT,buy,4.944443128418719,2269.91439,11.223462607734268,1.1343900000000002,positive,TrendUp,signal
2024-01-06,2024-01-07,ETH-USDT,sell,4.944443128418719,2239.6496150000003,11.07382014895238,1.120385,negative,TrendUp,Close below SMA30
2024-01-07,2024-01-08,SOL-USDT,buy,49.21969045207871,89.48472,4.404410218590937,0.04472,positive,TrendUp,signal
2024-01-12,2024-01-13,SOL-USDT,sell,49.21969045207871,92.09393,4.5328347271154055,0.04607,negative,TrendUp,Close below SMA30
2024-01-13,2024-01-14,SOL-USDT,buy,47.749868947040696,95.89792499999999,4.579113351043137,0.047924999999999995,positive,TrendUp,signal
2024-01-14,2024-01-15,SOL-USDT,sell,47.749868947040696,93.763095,4.4771754983189265,0.046905,negative,Router,StateSwitch
2024-01-22,2024-01-23,ETH-USDT,buy,4.630083353283919,2315.347095,10.720250041633783,1.157095,positive,TrendUp,signal
2024-01-22,2024-01-23,BNB-USDT,buy,38.40120006961468,306.05294999999995,11.752800564845776,0.15295,positive,TrendUp,signal
2024-01-23,2024-01-24,ETH-USDT,sell,4.630083353283919,2241.4787,10.37823321561048,1.1213,negative,TrendUp,Close below SMA30
2024-01-23,2024-01-24,BNB-USDT,sell,38.40120006961468,298.65060000000005,11.468541441510467,0.1494,negative,TrendUp,Close below SMA30
2024-01-28,2024-01-29,SOL-USDT,short,65.34636835063847,95.942005,6.269461599028798,0.047994999999999996,negative,TrendDown,signal
2024-01-29,2024-01-30,SOL-USDT,cover,65.34636835063847,101.720835,6.6470871528445175,0.050835000000000005,positive,TrendDown,Close above SMA30
2024-01-31,2024-02-01,BTC-USDT,short,0.3183087127272411,42558.71,13.546808195431963,21.29,negative,TrendDown,signal
2024-02-01,2024-02-02,BTC-USDT,cover,0.3183087127272411,43104.491474999995,13.720535194169587,21.541475,positive,TrendDown,Close above SMA30
2024-02-04,2024-02-05,BTC-USDT,short,0.35634852315719945,42561.58856,15.166759226580355,21.291439999999998,negative,TrendDown,signal
2024-02-04,2024-02-05,BNB-USDT,short,49.906116693751585,304.54765000000003,15.198790559707817,0.15234999999999999,negative,TrendDown,signal
2024-02-06,2024-02-07,BTC-USDT,cover,0.35634852315719945,43120.50947999999,15.365929870984017,21.54948,positive,TrendDown,Close above SMA30
2024-02-07,2024-02-08,BNB-USDT,cover,49.906116693751585,307.55369999999994,15.348810841795064,0.1537,positive,TrendDown,Close above SMA30
2024-02-22,2024-02-23,SOL-USDT,buy,77.47257391357067,101.80087499999999,7.886775812903669,0.050875000000000004,positive,TrendUp,signal
2024-02-23,2024-02-24,SOL-USDT,sell,77.47257391357067,99.860045,7.736414717274994,0.049955,negative,TrendUp,Close below SMA30
2024-02-24,2024-02-25,SOL-USDT,buy,79.09413739646831,104.07200999999999,8.231485858066625,0.05201,positive,TrendUp,signal
2024-02-25,2024-02-26,SOL-USDT,sell,79.09413739646831,103.418265,8.17977846121437,0.051735,negative,TrendUp,Close below SMA30
2024-03-19,2024-03-20,ETH-USDT,buy,2.15701785860197,3160.229325,6.816671091302649,1.579325,positive,TrendUp,signal
2024-03-19,2024-03-20,BTC-USDT,buy,0.13223391968120782,61968.378705,8.194321612451638,30.968705000000003,positive,TrendUp,signal
2024-03-21,2024-03-22,ETH-USDT,sell,2.15701785860197,3491.09358,7.530351198110686,1.74642,negative,TrendUp,Close below SMA30
2024-03-22,2024-03-23,ETH-USDT,buy,2.0400584957116594,3338.0181749999997,6.809752336748678,1.668175,positive,TrendUp,signal
2024-03-22,2024-03-23,BTC-USDT,sell,0.13223391968120782,63764.74168000001,8.431861729806085,31.898320000000002,negative,TrendUp,Close below SMA30
2024-03-23,2024-03-24,ETH-USDT,sell,2.0400584957116594,3327.865235,6.789039745245228,1.664765,negative,Router,StateSwitch
2024-03-23,2024-03-24,BTC-USDT,buy,0.12739648330713577,64022.015009999996,8.15617956651066,31.99501,positive,TrendUp,signal
2024-04-02,2024-04-03,BTC-USDT,sell,0.12739648330713577,65431.258005,8.335712168198876,32.731995,negative,TrendUp,Close below SMA30
2024-04-04,2024-04-05,BTC-USDT,buy,0.14770923176664988,68522.0439,10.121338463549659,34.243900000000004,positive,TrendUp,signal
2024-04-05,2024-04-06,BTC-USDT,sell,0.14770923176664988,67786.719685,10.012724288652594,33.910315000000004,negative,TrendUp,Close below SMA30
2024-04-05,2024-04-06,SOL-USDT,buy,35.39772518676789,174.45718499999998,6.175387491487125,0.087185,positive,TrendUp,signal
2024-04-08,2024-04-09,SOL-USDT,sell,35.39772518676789,180.58966,6.392463156251851,0.09034,negative,TrendUp,Close below SMA30
2024-04-09,2024-04-10,SOL-USDT,buy,39.55256347029849,172.49620499999997,6.822667096648118,0.086205,positive,TrendUp,signal
2024-04-10,2024-04-11,SOL-USDT,sell,39.55256347029849,173.21335000000002,6.851032019778027,0.08665,negative,Router,StateSwitch
2024-04-11,2024-04-12,ETH-USDT,short,2.585643963510412,3500.76874,9.05174156022695,1.75126,negative,TrendDown,signal
2024-05-02,2024-05-03,BNB-USDT,buy,17.23633932806892,560.78025,9.665798677479321,0.28025,positive,TrendUp,signal
2024-05-07,2024-05-08,BNB-USDT,sell,17.23633932806892,576.21175,9.931781247820416,0.28825,negative,TrendUp,Close below SMA30
2024-05-13,2024-05-14,BTC-USDT,short,0.190986835559692,62908.619955,12.014718254632744,31.470045,negative,TrendDown,signal
2024-05-15,2024-05-16,BTC-USDT,cover,0.190986835559692,66239.61325499999,12.650894124270279,33.103255,positive,TrendDown,Close above SMA30
2024-05-17,2024-05-18,ETH-USDT,cover,2.585643963510412,3093.546,7.998808540741781,1.546,positive,TrendDown,Close above SMA30
2024-06-07,2024-06-08,SOL-USDT,buy,53.797935805268416,162.591255,8.747073898988027,0.081255,positive,TrendUp,signal
2024-06-08,2024-06-09,SOL-USDT,sell,53.797935805268416,157.75108500000002,8.486682744041442,0.07891500000000001,negative,TrendUp,Close below SMA30
2024-06-11,2024-06-12,ETH-USDT,buy,3.613136250892789,3499.0786649999995,12.642647969237043,1.748665,positive,TrendUp,signal
2024-06-11,2024-06-12,BTC-USDT,buy,0.24433823623314738,67347.88711499999,16.45566395170821,33.657115,positive,TrendUp,signal
2024-06-11,2024-06-12,BNB-USDT,buy,18.73308321883006,602.80125,11.292325980664785,0.30125,positive,TrendUp,signal
2024-06-12,2024-06-13,ETH-USDT,sell,3.613136250892789,3558.349935,12.8568031435105,1.780065,negative,TrendUp,Close below SMA30
2024-06-12,2024-06-13,BTC-USDT,sell,0.24433823623314738,68229.84801,16.67116072121912,34.13199,negative,TrendUp,Close below SMA30
2024-06-13,2024-06-14,BNB-USDT,sell,18.73308321883006,599.5001,11.230485262996943,0.2999,negative,TrendUp,Close below SMA30
2024-06-14,2024-06-15,BNB-USDT,buy,18.436057084305816,603.60165,11.12803447558118,0.30165,positive,TrendUp,signal
2024-06-15,2024-06-16,BNB-USDT,sell,18.436057084305816,607.8959000000001,11.207203513715461,0.30410000000000004,negative,Router,StateSwitch
2024-06-17,2024-06-18,BTC-USDT,buy,0.5126186444636271,66537.582165,34.108405175309514,33.252165000000005,positive,RangeMeanReversion,signal
2024-06-18,2024-06-19,BTC-USDT,sell,0.5126186444636271,65142.73234,33.39337914878769,32.58766,negative,Router,StateSwitch
2024-07-06,2024-07-07,SOL-USDT,short,49.62055349292576,142.97847500000003,7.09467106707445,0.071525,negative,TrendDown,signal
2024-07-10,2024-07-11,SOL-USDT,cover,49.62055349292576,142.060995,7.049145201655758,0.070995,positive,TrendDown,Close above SMA30
2024-07-12,2024-07-13,SOL-USDT,short,50.77704151545888,139.40026500000002,7.0783330431709715,0.069735,negative,TrendDown,signal
2024-07-13,2024-07-14,SOL-USDT,cover,50.77704151545888,141.96094499999998,7.208356797838775,0.070945,positive,TrendDown,Close above SMA30
2024-07-14,2024-07-15,BTC-USDT,short,0.2174817203785663,60767.51104500001,13.21582284519013,30.398955,negative,TrendDown,signal
2024-07-15,2024-07-16,BTC-USDT,cover,0.2174817203785663,64756.422029999994,14.08333806864489,32.36203,positive,TrendDown,Close above SMA30
2024-07-31,2024-08-01,ETH-USDT,short,3.5156185683554413,3231.12363,11.359398230280036,1.6163699999999999,negative,TrendDown,signal
2024-08-02,2024-08-03,BTC-USDT,buy,0.19446767670330117,61529.08916999999,11.965419020560148,30.74917,positive,TrendUp,signal
2024-08-02,2024-08-03,SOL-USDT,buy,43.93149811830996,152.85639,6.715210209656654,0.07639,positive,TrendUp,signal
2024-08-03,2024-08-04,BTC-USDT,sell,0.19446767670330117,60667.641005,11.797895197312277,30.348995,negative,TrendUp,Close below SMA30
2024-08-03,2024-08-04,BNB-USDT,buy,21.8330077742461,529.9648500000001,11.570726690127168,0.26485000000000003,positive,TrendUp,signal
2024-08-03,2024-08-04,SOL-USDT,sell,43.93149811830996,142.45873500000002,6.258425648589318,0.07126500000000001,negative,TrendUp,Close below SMA30
2024-08-04,2024-08-05,BNB-USDT,sell,21.8330077742461,496.65155,10.843397152241375,0.24845,negative,TrendUp,Close below SMA30
2024-08-17,2024-08-18,BNB-USDT,short,18.823261595068956,541.42915,10.19146252564583,0.27085000000000004,negative,TrendDown,signal
2024-08-19,2024-08-20,BNB-USDT,cover,18.823261595068956,558.7792499999999,10.518047996646434,0.27925,positive,TrendDown,Close above SMA30
2024-08-21,2024-08-22,BTC-USDT,short,0.1722374079858896,61125.451985,10.528089411862352,30.578015,negative,TrendDown,signal
2024-08-23,2024-08-24,ETH-USDT,cover,3.5156185683554413,2763.871245,9.716717069465671,1.3812449999999998,positive,TrendDown,Stop/Trail hit
2024-08-23,2024-08-24,BTC-USDT,cover,0.1722374079858896,64069.25861999999,11.035123036286414,32.01862,positive,TrendDown,Close above SMA30
2024-08-23,2024-08-24,SOL-USDT,short,49.53223113487055,153.19336500000003,7.58800916350859,0.07663500000000001,negative,TrendDown,signal
2024-08-24,2024-08-25,ETH-USDT,short,3.4018440104598957,2766.6259950000003,9.4116300702734,1.3840050000000002,negative,TrendDown,signal
2024-08-24,2024-08-25,SOL-USDT,cover,49.53223113487055,160.75033499999998,7.96232274822787,0.08033499999999999,positive,TrendDown,Close above SMA30
2024-09-02,2024-09-03,BTC-USDT,short,0.19922976733748976,59102.553940000005,11.77498807051764,29.56606,negative,TrendDown,signal
2024-09-13,2024-09-14,BTC-USDT,cover,0.19922976733748976,60528.23899499999,12.059026972321824,30.248995,positive,TrendDown,Close above SMA30
2024-09-13,2024-09-14,SOL-USDT,short,58.552998977871226,138.95049000000003,8.135967898944708,0.06951,negative,TrendDown,signal
2024-09-19,2024-09-20,SOL-USDT,cover,58.552998977871226,142.95144,8.370235520205219,0.07144,positive,TrendDown,Close above SMA30
2024-09-20,2024-09-21,ETH-USDT,cover,3.4018440104598957,2562.6807,8.717839990016174,1.2807000000000002,positive,TrendDown,Close above SMA30
2024-10-01,2024-10-02,BNB-USDT,buy,20.61636963125913,547.4736,11.28691810095611,0.2736,positive,TrendUp,signal
2024-10-02,2024-10-03,BTC-USDT,buy,0.22605540623042616,60679.594634999994,13.716950415112512,30.324635,positive,TrendUp,signal
2024-10-02,2024-10-03,BNB-USDT,sell,20.61636963125913,542.22875,11.178788334695598,0.27125,negative,TrendUp,Close below SMA30
2024-10-03,2024-10-04,SOL-USDT,buy,57.73831967180295,136.878405,7.90312910405651,0.06840500000000001,positive,TrendUp,signal
2024-10-09,2024-10-10,BTC-USDT,sell,0.22605540623042616,60605.69199500001,13.700244323805814,30.318005000000003,negative,TrendUp,Close below SMA30
2024-10-09,2024-10-10,SOL-USDT,sell,57.73831967180295,139.26033500000003,8.040657739832369,0.069665,negative,TrendUp,Close below SMA30
2024-11-04,2024-11-05,SOL-USDT,buy,57.11872917731196,158.02897499999997,9.026414225193202,0.07897499999999999,positive,TrendUp,signal
2024-12-02,2024-12-03,SOL-USDT,sell,57.11872917731196,225.617135,12.886964031826032,0.112865,negative,TrendUp,Stop/Trail hit
2024-12-18,2024-12-19,ETH-USDT,buy,2.5328349676122297,3628.6134,9.190678903466303,1.8134000000000001,positive,TrendUp,signal
2024-12-19,2024-12-20,ETH-USDT,sell,2.5328349676122297,3415.3014950000006,8.650395051474327,1.7085050000000002,negative,TrendUp,Close below SMA30
2024-12-19,2024-12-20,BTC-USDT,buy,0.11837224062573501,97510.59092999999,11.542547133123573,48.73093,positive,TrendUp,signal
2024-12-19,2024-12-20,BNB-USDT,buy,12.808269665903335,665.942805,8.529575028508079,0.332805,positive,TrendUp,signal
2024-12-20,2024-12-21,BTC-USDT,sell,0.11837224062573501,97756.53728,11.571660353646795,48.90272,negative,TrendUp,Close below SMA30
2024-12-20,2024-12-21,BNB-USDT,sell,12.808269665903335,678.2607,8.687345949384362,0.33930000000000005,negative,TrendUp,Close below SMA30
2025-01-02,2025-01-03,SOL-USDT,short,36.96278532216602,208.19585000000004,7.69549850851588,0.10415,negative,TrendDown,signal
2025-01-03,2025-01-04,ETH-USDT,short,2.8627030414280954,3607.1955000000003,10.32632952887574,1.8045,negative,TrendDown,signal
2025-01-03,2025-01-04,BTC-USDT,short,0.13822288003583327,98125.082915,13.56313156426624,49.087085,negative,TrendDown,signal
2025-01-03,2025-01-04,SOL-USDT,cover,36.96278532216602,218.10899999999998,8.061916143832308,0.109,positive,TrendDown,Close above SMA30
2025-01-04,2025-01-05,ETH-USDT,cover,2.8627030414280954,3658.70844,10.473795778886643,1.82844,positive,TrendDown,Close above SMA30
2025-01-06,2025-01-07,BTC-USDT,cover,0.13822288003583327,102286.7178,14.138364723728532,51.1178,positive,TrendDown,Close above SMA30
2025-01-14,2025-01-15,BTC-USDT,short,0.1392161768002039,96512.56957500002,13.436110949395182,48.280425,negative,TrendDown,signal
2025-01-15,2025-01-16,BTC-USDT,cover,0.1392161768002039,100547.598675,13.997852273974749,50.248675000000006,positive,TrendDown,Close above SMA30
2025-01-23,2025-01-24,ETH-USDT,short,2.517921865010244,3336.55089,8.401174439650392,1.6691099999999999,negative,TrendDown,signal
2025-02-01,2025-02-02,BTC-USDT,buy,0.12613637556573082,100685.97783,12.700164313767727,50.31783,positive,TrendUp,signal
2025-02-01,2025-02-02,SOL-USDT,buy,25.179738246310777,213.136515,5.366721658430891,0.106515,positive,TrendUp,signal
2025-02-02,2025-02-03,BTC-USDT,sell,0.12613637556573082,97651.739705,12.317436514076867,48.850295,negative,TrendUp,Close below SMA30
2025-02-02,2025-02-03,SOL-USDT,sell,25.179738246310777,203.41824000000003,5.122018037725225,0.10176,negative,TrendUp,Close below SMA30
2025-03-02,2025-03-03,BTC-USDT,short,0.11917445554585919,94222.855005,11.22895744519731,47.134995,negative,TrendDown,signal
2025-03-02,2025-03-03,BNB-USDT,short,14.827390805006784,623.6280300000001,9.246776517766497,0.31197,negative,TrendDown,signal
2025-03-08,2025-03-09,BNB-USDT,cover,14.827390805006784,593.3965499999999,8.798522549192747,0.29655000000000004,positive,Router,StateSwitch
2025-03-24,2025-03-25,BTC-USDT,cover,0.11917445554585919,87541.90908,10.432759352054108,43.74908,positive,TrendDown,Close above SMA30
2025-04-04,2025-04-05,BTC-USDT,short,0.15533279741594766,83847.925065,13.024332757869207,41.944935,negative,TrendDown,signal
2025-04-12,2025-04-13,BTC-USDT,cover,0.15533279741594766,85319.548455,13.252924135780644,42.638455,positive,TrendDown,Close above SMA30
2025-04-20,2025-04-21,BNB-USDT,short,27.93210395300574,592.473615,16.5490346035931,0.296385,negative,TrendDown,signal
2025-04-22,2025-04-23,ETH-USDT,cover,2.517921865010244,1757.128125,4.424311325561954,0.878125,positive,TrendDown,Close above SMA30
2025-04-22,2025-04-23,BNB-USDT,cover,27.93210395300574,618.80925,17.28464429808152,0.30925,positive,TrendDown,Close above SMA30
2025-05-29,2025-05-30,SOL-USDT,buy,56.23295798502456,166.793355,9.379283723896286,0.08335500000000001,positive,TrendUp,signal
2025-05-30,2025-05-31,BTC-USDT,buy,0.17382154663818777,104037.462735,18.083952680910524,51.992735,positive,TrendUp,signal
2025-05-30,2025-05-31,SOL-USDT,sell,56.23295798502456,156.1219,8.779196243242206,0.0781,negative,TrendUp,Close below SMA30
2025-05-31,2025-06-01,SOL-USDT,buy,56.22397075912845,156.528225,8.800638345378278,0.078225,positive,TrendUp,signal
2025-06-01,2025-06-02,SOL-USDT,sell,56.22397075912845,157.60116000000002,8.860963011444724,0.07884000000000001,negative,Router,StateSwitch
2025-06-04,2025-06-05,BTC-USDT,sell,0.17382154663818777,104644.51157,18.189470848295137,52.34843,negative,TrendUp,Close below SMA30
2025-06-05,2025-06-06,ETH-USDT,buy,3.7335374976945634,2415.22701,9.017340607279722,1.20701,positive,TrendUp,signal
2025-06-05,2025-06-06,BTC-USDT,buy,0.1803877273925243,101559.444345,18.320077360642102,50.754345,positive,TrendUp,signal
2025-06-05,2025-06-06,BNB-USDT,buy,25.250965754144538,633.646665,16.000190238142896,0.31666500000000003,positive,TrendUp,signal
2025-06-06,2025-06-07,ETH-USDT,sell,3.7335374976945634,2474.86195,9.23998989194249,1.2380499999999999,negative,TrendUp,Close below SMA30
2025-06-06,2025-06-07,BTC-USDT,sell,0.1803877273925243,104236.285785,18.802946704593836,52.144214999999996,negative,Router,StateSwitch
2025-06-06,2025-06-07,BNB-USDT,sell,25.250965754144538,642.3886450000001,16.220933675746316,0.321355,negative,TrendUp,Close below SMA30
2025-06-15,2025-06-16,ETH-USDT,buy,3.8371614531963525,2548.8938099999996,9.780517076022786,1.2738099999999999,positive,TrendUp,signal
2025-06-16,2025-06-17,ETH-USDT,sell,3.8371614531963525,2542.897915,9.757509858851376,1.2720850000000001,negative,TrendUp,Close below SMA30
2025-06-23,2025-06-24,BTC-USDT,short,0.15807937559366592,105281.27303000001,16.642797902288663,52.66697,negative,TrendDown,signal
2025-06-25,2025-06-26,BTC-USDT,cover,0.15807937559366592,107394.26029499999,16.97681760977723,53.670294999999996,positive,TrendDown,Close above SMA30
2025-06-27,2025-06-28,BNB-USDT,short,31.59150275700331,645.39714,20.38906552767205,0.32286000000000004,negative,TrendDown,signal
2025-06-29,2025-06-30,ETH-USDT,short,3.9556564680237916,2498.8399550000004,9.884552430552032,1.250045,negative,TrendDown,signal
2025-06-29,2025-06-30,BNB-USDT,cover,31.59150275700331,655.22745,20.699619793139245,0.32745,positive,TrendDown,Close above SMA30
2025-07-01,2025-07-02,BNB-USDT,short,35.273866888018695,646.01683,22.787511668839805,0.32317,negative,TrendDown,signal
2025-07-02,2025-07-03,ETH-USDT,cover,3.9556564680237916,2571.6952049999995,10.17274277144402,1.285205,positive,TrendDown,Close above SMA30
2025-07-02,2025-07-03,BNB-USDT,cover,35.273866888018695,660.02985,23.281805071018947,0.32985000000000003,positive,TrendDown,Close above SMA30
2025-07-31,2025-08-01,BTC-USDT,buy,0.18486350706388543,115821.952035,21.41125224817522,57.882035,positive,TrendUp,signal
2025-08-01,2025-08-02,BTC-USDT,sell,0.18486350706388543,113241.27104,20.93417850882641,56.64896,negative,TrendUp,Close below SMA30
2025-08-01,2025-08-02,SOL-USDT,buy,49.49530998975655,162.791355,8.057408579377507,0.08135500000000001,positive,TrendUp,signal
2025-08-02,2025-08-03,BTC-USDT,buy,0.184653615055227,112602.623175,20.792481433965232,56.273175,positive,TrendUp,signal
2025-08-02,2025-08-03,SOL-USDT,sell,49.49530998975655,158.41075500000002,7.840589424436378,0.07924500000000001,negative,TrendUp,Close below SMA30
2025-08-03,2025-08-04,BTC-USDT,sell,0.184653615055227,114151.705595,21.078525102836736,57.104405,negative,Router,StateSwitch
2025-08-11,2025-08-12,BTC-USDT,short,0.37894252410968554,118626.657,44.9526848302739,59.343,negative,RangeMeanReversion,signal
2025-08-12,2025-08-13,BTC-USDT,cover,0.37894252410968554,120194.15704499999,45.54667725386823,60.067045,positive,Router,StateSwitch
2025-09-01,2025-09-02,ETH-USDT,buy,2.083641592241834,4316.65725,8.994366585552257,2.15725,positive,TrendUp,signal
2025-09-02,2025-09-03,ETH-USDT,sell,2.083641592241834,4324.326755,9.010347085162163,2.163245,negative,TrendUp,Close below SMA30
2025-09-04,2025-09-05,ETH-USDT,buy,2.170589851196359,4299.70878,9.332904240967878,2.1487800000000004,positive,TrendUp,signal
2025-09-04,2025-09-05,BNB-USDT,buy,18.5844150259898,844.0418099999999,15.686023296327626,0.42181,positive,TrendUp,signal
2025-09-05,2025-09-06,ETH-USDT,sell,2.170589851196359,4305.30627,9.345054095954051,2.15373,negative,TrendUp,Close below SMA30
2025-09-19,2025-09-20,ETH-USDT,buy,2.882907702404737,4470.824295,12.88897379615373,2.234295,positive,TrendUp,signal
2025-09-21,2025-09-22,ETH-USDT,sell,2.882907702404737,4442.7575099999995,12.808059845495489,2.2224899999999996,negative,TrendUp,Close below SMA30
2025-09-23,2025-09-24,SOL-USDT,buy,46.53806036284956,213.39664499999998,9.931065946239578,0.106645,positive,TrendUp,signal
2025-09-24,2025-09-25,BTC-USDT,buy,0.23147533558454092,113363.66350499999,26.240892052912848,56.653504999999996,positive,TrendUp,signal
2025-09-24,2025-09-25,SOL-USDT,sell,46.53806036284956,211.50419500000004,9.842994993905906,0.10580500000000001,negative,TrendUp,Close below SMA30
2025-09-25,2025-09-26,BTC-USDT,sell,0.23147533558454092,108939.99275500001,25.216921381541084,54.49724500000001,negative,TrendUp,Close below SMA30
2025-09-25,2025-09-26,BNB-USDT,sell,18.5844150259898,945.42705,17.570208673997207,0.47295,negative,TrendUp,Stop/Trail hit
2025-09-26,2025-09-27,SOL-USDT,buy,42.01826834188099,205.26257999999999,8.624778166986813,0.10258,positive,TrendUp,signal
2025-09-27,2025-09-28,SOL-USDT,sell,42.01826834188099,203.368265,8.545182330992764,0.101735,negative,TrendUp,Close below SMA30
2025-10-09,2025-10-10,ETH-USDT,buy,2.719922788356155,4370.274045,11.886807966356933,2.1840450000000002,positive,TrendUp,signal
2025-10-10,2025-10-11,ETH-USDT,sell,2.719922788356155,3827.80514,10.411334429672824,1.91486,negative,TrendUp,Close below SMA30
2025-10-17,2025-10-18,BNB-USDT,buy,4.961877339879915,1071.685575,5.317572370068677,0.535575,positive,TrendUp,signal
2025-10-18,2025-10-19,BNB-USDT,sell,4.961877339879915,1091.87379,5.417743816609801,0.5462100000000001,negative,TrendUp,Close below SMA30
2025-12-07,2025-12-08,ETH-USDT,short,2.6997707242468927,3058.3300700000004,8.256789988069952,1.52993,negative,TrendDown,signal
2025-12-07,2025-12-08,BNB-USDT,short,11.389155548674701,893.93281,10.181139823153869,0.44719000000000003,negative,TrendDown,signal
2025-12-08,2025-12-09,ETH-USDT,cover,2.6997707242468927,3125.7220799999996,8.438732963716102,1.56208,positive,TrendDown,Close above SMA30
2025-12-09,2025-12-10,SOL-USDT,short,52.95963659599521,137.80106500000002,7.297894324941115,0.06893500000000001,negative,TrendDown,signal
2025-12-13,2025-12-14,BNB-USDT,cover,11.389155548674701,897.26841,10.219129490402027,0.44841000000000003,positive,TrendDown,Close above SMA30
2025-12-14,2025-12-15,BNB-USDT,short,13.083669860884145,876.831365,11.472172103328406,0.438635,negative,TrendDown,signal
2025-12-23,2025-12-24,BNB-USDT,cover,13.083669860884145,844.7221499999999,11.052065734776255,0.42214999999999997,positive,Router,StateSwitch
2025-12-30,2025-12-31,BTC-USDT,short,0.18396542488063997,88441.25725000001,16.270133466974233,44.24275,negative,TrendDown,signal
2026-01-01,2026-01-02,BNB-USDT,short,18.806159662414228,863.9678,16.247916389984763,0.4322,negative,TrendDown,signal
2026-01-02,2026-01-03,BTC-USDT,cover,0.18396542488063997,90040.13756999999,16.564272164376323,44.99757,positive,TrendDown,Close above SMA30
2026-01-02,2026-01-03,BNB-USDT,cover,18.806159662414228,881.690625,16.58121466660379,0.440625,positive,TrendDown,Close above SMA30
2026-01-02,2026-01-03,SOL-USDT,cover,52.95963659599521,132.34614,7.009003479282705,0.06614,positive,TrendDown,Close above SMA30
2026-01-19,2026-01-20,SOL-USDT,buy,83.83790431658645,133.50672,11.192923616981298,0.06672,positive,TrendUp,signal
2026-01-20,2026-01-21,BNB-USDT,buy,18.33536039832212,884.632095,16.220048281747733,0.442095,positive,TrendUp,signal
2026-01-20,2026-01-21,SOL-USDT,sell,83.83790431658645,125.74709500000002,10.542372918698709,0.062905,negative,TrendUp,Close below SMA30
2026-01-21,2026-01-22,BTC-USDT,buy,0.19766276535836635,89499.457365,17.690710240839106,44.727365,positive,TrendUp,signal
2026-01-21,2026-01-22,BNB-USDT,sell,18.33536039832212,882.9083250000001,16.18844233755392,0.44167500000000004,negative,TrendUp,Close below SMA30
2026-01-21,2026-01-22,SOL-USDT,buy,78.98316781392347,129.594765,10.235805071800977,0.064765,positive,TrendUp,signal
2026-01-22,2026-01-23,BTC-USDT,sell,0.19766276535836635,89514.90016,17.69376270640367,44.77984,negative,TrendUp,Close below SMA30
2026-01-22,2026-01-23,SOL-USDT,sell,78.98316781392347,128.405765,10.141894085270222,0.064235,negative,TrendUp,Close below SMA30
