signal_time,fill_time,symbol,side,qty,fill_price,commission,slip,slip_dir,strategy_id,exit_reason,is_maker
2015-02-20,2015-02-21,SOL-USDT,buy,0.5899394018569006,2448.0790146971563,1.444218269628871,2.4456333813158406,positive,TrendBreakout,signal,False
2015-02-21,2015-02-22,ETH-USDT,buy,0.39412714378070246,2596.854286687976,1.0234907628270056,2.594260026661315,positive,TrendBreakout,signal,False
2015-02-21,2015-02-22,BNB-USDT,buy,0.6931257512318452,2816.51081866805,1.9521961770419114,2.813697121546504,positive,TrendBreakout,signal,False
2015-02-24,2015-02-25,BTC-USDT,buy,0.1439533037830803,12142.79758553284,1.7479958296066629,12.130666918614228,positive,TrendBreakout,signal,False
2015-10-20,2015-10-21,SOL-USDT,sell,0.5899394018569006,7565.636142658967,4.46326686066718,7.573209352010979,negative,TrendBreakout,Breakout Exit (Below Low10),False
2015-11-18,2015-11-19,SOL-USDT,buy,0.36443129676173597,8869.568939989522,3.2323485105179977,8.860708231757764,positive,TrendBreakout,signal,False
2016-02-15,2016-02-16,BNB-USDT,sell,0.6931257512318452,23554.17848432874,16.32600765659932,23.57775624056931,negative,TrendBreakout,Breakout Exit (Below Low10),False
2016-02-22,2016-02-23,BNB-USDT,buy,0.25750376378963263,25094.020089403806,6.461804621634133,25.068951138265543,positive,TrendBreakout,signal,False
2016-03-09,2016-03-10,SOL-USDT,sell,0.36443129676173597,14482.589059120668,5.277908711282675,14.497086145265934,negative,Router,StateSwitch,False
2016-03-22,2016-03-23,SOL-USDT,buy,0.4240856559885526,15871.884335767272,6.731038480308296,15.856028307459814,positive,TrendBreakout,signal,False
2016-05-02,2016-05-03,BNB-USDT,sell,0.25750376378963263,33975.64417371047,8.74885625190775,34.00965382753801,negative,TrendBreakout,Breakout Exit (Below Low10),False
2016-05-11,2016-05-12,BNB-USDT,buy,0.19895158344561215,36775.87060268926,7.316617688995967,36.739131471218045,positive,TrendBreakout,signal,False
2016-05-21,2016-05-22,ETH-USDT,sell,0.39412714378070246,25817.010367745253,10.175184557196221,25.84285322096622,negative,Router,StateSwitch,False
2016-06-20,2016-06-21,BTC-USDT,sell,0.1439533037830803,134135.63959455586,19.309268474692875,134.26990950405994,negative,Router,StateSwitch,False
2016-07-03,2016-07-04,SOL-USDT,sell,0.4240856559885526,27761.330438424106,11.773182030094059,27.78911955798209,negative,Router,StateSwitch,False
2016-07-06,2016-07-07,BTC-USDT,buy,0.07687724819007996,146602.6507952311,11.270408370508605,146.45619460063048,positive,TrendBreakout,signal,False
2016-07-06,2016-07-07,ETH-USDT,buy,0.25479145936401737,30096.58793618475,7.668353562137993,30.066521414769984,positive,TrendBreakout,signal,False
2016-07-21,2016-07-22,SOL-USDT,buy,0.39745173105541104,31769.632096460286,12.626895271731689,31.73789420225803,positive,TrendBreakout,signal,False
2016-10-25,2016-10-26,SOL-USDT,sell,0.39745173105541104,47219.63848846685,18.76752705705186,47.26690539386071,negative,Router,StateSwitch,False
2016-10-31,2016-11-01,ETH-USDT,sell,0.25479145936401737,47851.588973234895,12.192176187377642,47.89948846169659,negative,Router,StateSwitch,False
2016-11-18,2016-11-19,ETH-USDT,buy,0.2387071821595331,54805.69375296691,13.082512722069058,54.750942810156765,positive,TrendBreakout,signal,False
2016-12-29,2016-12-30,SOL-USDT,buy,0.3193906285396903,58424.07061380521,18.6601006351905,58.365704908896326,positive,TrendBreakout,signal,False
2017-01-22,2017-01-23,BTC-USDT,sell,0.07687724819007996,372638.7151106937,28.6474389867973,373.0117268375313,negative,TrendBreakout,Breakout Exit (Below Low10),False
2017-01-26,2017-01-27,BTC-USDT,buy,0.05108554808815258,389311.2810032906,19.888180166953884,388.922358644646,positive,TrendBreakout,signal,False
2017-07-24,2017-07-25,BNB-USDT,sell,0.19895158344561215,346984.319706651,69.03307983643674,347.33165135800897,negative,TrendBreakout,Breakout Exit (Below Low10),False
2017-07-28,2017-07-29,BNB-USDT,buy,0.13111950337854297,364313.1886665774,47.76856437221506,363.9492394271503,positive,TrendBreakout,signal,False
2017-08-23,2017-08-24,BNB-USDT,sell,0.13111950337854297,378050.62871780124,49.56981068942403,378.42905777557684,negative,Router,StateSwitch,False
2017-09-05,2017-09-06,BTC-USDT,sell,0.05108554808815258,1642965.3841348568,83.9317871383913,1644.6099941289858,negative,TrendBreakout,Breakout Exit (Below Low10),False
2017-09-07,2017-09-08,BNB-USDT,buy,0.12866803983024647,408480.3238058185,52.55836257331903,408.0722515542643,positive,TrendBreakout,signal,False
2017-09-14,2017-09-15,BTC-USDT,buy,0.02514763595557991,1731701.5391956256,43.548199891408984,1729.971567627998,positive,TrendBreakout,signal,False
2017-10-26,2017-10-27,SOL-USDT,sell,0.3193906285396903,227232.72884971733,72.57600409210023,227.46018903875608,negative,Router,StateSwitch,False
2017-11-11,2017-11-12,SOL-USDT,buy,0.20974088167680505,252389.02849485682,52.93629736206354,252.1368916032536,positive,TrendBreakout,signal,False
2018-01-21,2018-01-22,SOL-USDT,sell,0.20974088167680505,318208.4624518052,66.74132347166214,318.5269894412464,negative,Router,StateSwitch,False
2018-02-02,2018-02-03,SOL-USDT,buy,0.1911369424762251,341024.15245556954,65.18231381090361,340.683468986583,positive,TrendBreakout,signal,False
2018-02-27,2018-02-28,SOL-USDT,sell,0.1911369424762251,344762.1710029034,65.89678724696041,345.10727828118456,negative,TrendBreakout,Breakout Exit (Below Low10),False
2018-03-07,2018-03-08,SOL-USDT,buy,0.24912785349473038,365007.9328729286,90.93364282518135,364.6432895833453,positive,TrendBreakout,signal,False
2018-03-09,2018-03-10,SOL-USDT,sell,0.24912785349473038,361612.8803479632,90.08784067713484,361.9748552031664,negative,Router,StateSwitch,False
2018-04-24,2018-04-25,BNB-USDT,sell,0.12866803983024647,1018108.798812938,130.99806347718751,1019.1279267396777,negative,Router,StateSwitch,False
2018-06-03,2018-06-04,BNB-USDT,buy,0.10803698449288103,1233047.9497815669,133.2147822295299,1231.8161336479193,positive,TrendBreakout,signal,False
2018-07-21,2018-07-22,SOL-USDT,buy,0.14850663514792614,533190.4067643456,79.182313201727,532.6577490153303,positive,TrendBreakout,signal,False
2018-10-02,2018-10-03,BTC-USDT,sell,0.02514763595557991,14625113.612037692,367.7870329245202,14639.753365403096,negative,Router,StateSwitch,False
2018-10-02,2018-10-03,SOL-USDT,sell,0.14850663514792614,701045.695306725,104.10993729494,701.7474427494744,negative,TrendBreakout,Breakout Exit (Below Low10),False
2018-10-18,2018-10-19,SOL-USDT,buy,0.23783352965283255,735493.7779944971,174.92508125812807,734.7590189755217,positive,TrendBreakout,signal,False
2018-10-19,2018-10-20,BTC-USDT,buy,0.00683097452410549,16703337.577955116,114.1000734625453,16686.65092702809,positive,TrendBreakout,signal,False
2019-01-12,2019-01-13,ETH-USDT,sell,0.2387071821595331,3215161.3041499997,767.482095102016,3218.379683833834,negative,TrendBreakout,Breakout Exit (Below Low10),False
2019-01-16,2019-01-17,ETH-USDT,buy,0.0978330452620686,3353225.860199639,328.05629735485024,3349.875984215424,positive,TrendBreakout,signal,False
2019-03-20,2019-03-21,BTC-USDT,sell,0.00683097452410549,44913327.59998272,306.80179662828596,44958.285885868594,negative,TrendBreakout,Breakout Exit (Below Low10),False
2019-03-23,2019-03-24,BTC-USDT,buy,0.0077154652508586215,46967716.589280546,362.3777852567701,46920.795793487065,positive,TrendBreakout,signal,False
2019-05-26,2019-05-27,BTC-USDT,sell,0.0077154652508586215,58849967.56871108,454.0548797905472,58908.87644515624,negative,Router,StateSwitch,False
2019-06-04,2019-06-05,BTC-USDT,buy,0.006066206877243813,62723121.37036625,380.4914302191142,62660.46090945681,positive,TrendBreakout,signal,False
2019-08-24,2019-08-25,SOL-USDT,sell,0.23783352965283255,4486116.470800483,1066.9489146841872,4490.6070778783605,negative,TrendBreakout,Breakout Exit (Below Low10),False
2019-09-15,2019-09-16,BNB-USDT,sell,0.10803698449288103,14918763.598049235,1611.7782314954034,14933.69729534458,negative,TrendBreakout,Breakout Exit (Below Low10),False
2019-09-17,2019-09-18,ETH-USDT,sell,0.0978330452620686,10470450.248661906,1024.3560330915775,10480.931179841748,negative,TrendBreakout,Breakout Exit (Below Low10),False
2019-09-26,2019-09-27,SOL-USDT,buy,0.1434039763838972,5331596.706983809,764.5721682567704,5326.270436547263,positive,TrendBreakout,signal,False
2019-10-03,2019-10-04,SOL-USDT,sell,0.1434039763838972,4930136.851439463,707.0012286132061,4935.071923362826,negative,TrendBreakout,Breakout Exit (Below Low10),False
2019-10-04,2019-10-05,BTC-USDT,sell,0.006066206877243813,121405269.90847075,736.4694832524067,121526.79670517592,negative,TrendBreakout,Breakout Exit (Below Low10),False
2019-11-07,2019-11-08,BTC-USDT,buy,0.003909020761734332,147395624.86423397,576.1725577830957,147248.37648774625,positive,TrendBreakout,signal,False
2019-11-15,2019-11-16,ETH-USDT,buy,0.08908997376685827,10982763.535280518,978.454115245749,10971.791743536984,positive,TrendUp,signal,False
2019-11-16,2019-11-17,BTC-USDT,sell,0.003909020761734332,131212786.26846792,512.9135057284506,131344.13039886678,negative,TrendBreakout,Breakout Exit (Below Low10),False
2019-11-23,2019-11-24,ETH-USDT,sell,0.08908997376685827,11242399.677489895,1001.5850923441108,11253.653330820716,negative,TrendUp,Close below SMA30,False
2019-11-24,2019-11-25,ETH-USDT,buy,0.08184749304354008,11246402.189719172,460.24491249394697,11235.167022696476,positive,TrendUp,signal,True
2019-11-25,2019-11-26,ETH-USDT,sell,0.08184749304354008,11123634.28114099,910.4415794445712,11134.769050191182,negative,Router,StateSwitch,False
2019-11-23,2019-11-29,SOL-USDT,buy,0.16948825010616428,4952509.907396529,419.6961189190397,4947.562345051478,positive,TrendUp,signal,True
2019-11-28,2019-11-29,BNB-USDT,buy,0.03151153558159835,11325579.181987438,356.8863913754068,11314.264917070368,positive,TrendBreakout,signal,False
2019-12-01,2019-12-02,SOL-USDT,sell,0.16948825010616428,5005372.107766325,848.3517596755174,5010.382490256581,negative,TrendUp,Close below SMA30,False
2019-11-21,2019-12-03,SOL-USDT,buy,0.16867085506658916,4832747.455436621,407.5718228146889,4827.919535900721,positive,TrendUp,signal,True
2019-11-22,2019-12-03,SOL-USDT,buy,0.1780180999640141,4855516.194218382,432.1848836196287,4850.665528689693,positive,TrendUp,signal,True
2019-12-02,2019-12-03,SOL-USDT,buy,0.17220855704872906,4917520.529680093,846.8391146737107,4912.607921758336,positive,TrendUp,signal,False
2019-12-05,2019-12-06,SOL-USDT,sell,0.5188975120793323,5019965.360121038,2604.847536091236,5024.990350471509,negative,TrendUp,Close below SMA30,False
2019-12-05,2019-12-06,BNB-USDT,sell,0.03151153558159835,11535812.54073072,363.51116733988465,11547.359900631353,negative,Router,StateSwitch,False
2019-12-15,2019-12-16,BNB-USDT,buy,0.08169836204150537,10916254.265430946,445.9200465571523,10905.348916514433,positive,TrendUp,signal,True
2019-12-14,2019-12-17,ETH-USDT,buy,0.07401296812343063,11200819.734203879,829.0059139439244,11189.63010409978,positive,TrendUp,signal,False
2019-12-16,2019-12-17,ETH-USDT,buy,0.07948225116221534,11200819.734203879,890.2663673366908,11189.63010409978,positive,TrendUp,signal,False
2019-12-18,2019-12-19,ETH-USDT,sell,0.15349521928564597,10910939.724083425,1674.777085560651,10921.861585669096,negative,TrendUp,Close below SMA30,False
2019-12-25,2019-12-26,BNB-USDT,sell,0.08169836204150537,11209283.730811855,915.7801204658228,11220.504235046901,negative,TrendUp,Close below SMA30,False
2020-01-04,2020-01-15,BNB-USDT,buy,0.08065657442499956,11509404.862315062,464.15458493238333,11497.906955359706,positive,TrendUp,signal,True
2020-01-15,2020-01-16,BNB-USDT,sell,0.08065657442499956,11461722.252954029,924.4632539340603,11473.195448402432,negative,TrendUp,Close below SMA30,False
2020-01-21,2020-01-22,ETH-USDT,short,0.08720156642849004,10674229.262731468,930.8095121270104,10684.914176908378,negative,TrendDown,signal,False
2020-01-23,2020-01-24,ETH-USDT,cover,0.08720156642849004,10629541.82224552,926.9126973169558,10618.922899346175,positive,TrendDown,Close above SMA30,False
2020-01-23,2020-01-24,SOL-USDT,buy,0.05912273020842899,6403494.45474246,378.5920750389095,6397.097357385076,positive,TrendBreakout,signal,False
2020-02-02,2020-02-03,SOL-USDT,sell,0.05912273020842899,6047623.784295505,357.5520294009815,6053.677461757263,negative,TrendBreakout,Breakout Exit (Below Low10),False
2020-02-11,2020-02-14,ETH-USDT,buy,0.09021386812348618,10255417.559823414,925.180887293194,10245.17238743598,positive,TrendUp,signal,False
2020-02-13,2020-02-14,ETH-USDT,buy,0.08712131551124556,10255417.559823414,893.4654689289438,10245.17238743598,positive,TrendUp,signal,False
2020-02-15,2020-02-16,BTC-USDT,buy,0.008323049000856666,109640819.87201385,456.27295814443534,109531.28858343045,positive,TrendUp,signal,True
2020-02-15,2020-02-16,ETH-USDT,sell,0.17733518363473175,10234228.569235476,1814.888802685191,10244.473042277754,negative,TrendUp,Close below SMA30,False
2020-02-22,2020-02-23,BTC-USDT,sell,0.008323049000856666,108596156.13186051,903.8511287901562,108704.86099285336,negative,TrendUp,Close below SMA30,False
2020-03-28,2020-03-30,BNB-USDT,buy,0.07311620056456167,11239072.515451731,821.7582801994214,11227.84467078095,positive,TrendUp,signal,False
2020-03-29,2020-03-30,BNB-USDT,buy,0.07362999245885614,11239072.515451731,827.5328245572483,11227.84467078095,positive,TrendUp,signal,False
2020-03-30,2020-03-31,BNB-USDT,sell,0.1467461930234178,11814638.496595854,1733.7532213233576,11826.46496155741,negative,Router,StateSwitch,False
2020-03-31,2020-04-01,BTC-USDT,buy,0.00787803050460108,111902924.98896192,881.5746566171285,111791.13385510683,positive,TrendUp,signal,False
2020-04-02,2020-04-03,BTC-USDT,sell,0.00787803050460108,110780802.8567248,872.7345442294765,110891.69455127607,negative,TrendUp,Close below SMA30,False
2020-04-20,2020-04-21,BTC-USDT,short,0.0078772366443241,110553654.06932232,870.857294998796,110664.31838771004,negative,TrendDown,signal,False
2020-04-22,2020-04-23,BTC-USDT,cover,0.0078772366443241,113088520.68517497,890.8250391936643,112975.54514003494,positive,TrendDown,Close above SMA30,False
2020-05-18,2020-05-19,SOL-USDT,buy,0.15901715662435173,3230016.5399158485,513.6280460270451,3226.7897501656835,positive,TrendBreakout,signal,False
2020-05-20,2020-05-21,BNB-USDT,buy,0.06307564635931137,13860583.834878635,874.2652843023926,13846.737097780855,positive,TrendBreakout,signal,False
2020-05-26,2020-05-27,SOL-USDT,sell,0.15901715662435173,3019512.6548011824,480.15431675773175,3022.535189991174,negative,TrendBreakout,Breakout Exit (Below Low10),False
2020-05-29,2020-05-30,BNB-USDT,sell,0.06307564635931137,13689534.897765107,863.4762620348837,13703.238135901009,negative,Router,StateSwitch,False
2020-07-12,2020-07-13,SOL-USDT,buy,0.2916236659980408,3287972.279296693,958.8505297884357,3284.6875917049883,positive,TrendUp,signal,False
2020-07-02,2020-07-14,SOL-USDT,buy,0.3067956744908095,3250826.1368057253,997.3393972936651,3247.578558247478,positive,TrendUp,signal,False
2020-07-14,2020-07-15,SOL-USDT,sell,0.5984193404888503,3374894.4563014633,2019.6021147593988,3378.272729030494,negative,Router,StateSwitch,False
2020-07-21,2020-07-22,ETH-USDT,buy,0.13050095757628924,4735888.236901639,618.037949889948,4731.157079821818,positive,TrendBreakout,signal,False
2020-07-23,2020-07-24,ETH-USDT,sell,0.13050095757628924,4544108.800948094,593.0105498545697,4548.657458406501,negative,Router,StateSwitch,False
2020-08-08,2020-08-09,BNB-USDT,buy,0.06197672424827564,14142123.206510967,438.24123512753494,14127.995211299669,positive,TrendUp,signal,True
2020-08-09,2020-08-10,ETH-USDT,buy,0.2099138491613119,4591474.748142959,963.8141377096536,4586.887860282676,positive,TrendUp,signal,False
2020-08-11,2020-08-12,ETH-USDT,sell,0.2099138491613119,4544846.690688411,954.0262626904546,4549.396086775186,negative,TrendUp,Close below SMA30,False
2020-08-15,2020-08-16,BNB-USDT,sell,0.06197672424827564,14188953.486997496,879.3848576352528,14203.156643641138,negative,TrendUp,Close below SMA30,False
2020-09-18,2020-09-22,ETH-USDT,short,0.2179294901892919,4440433.962015722,967.7015095613037,4444.878840856578,negative,TrendDown,signal,False
2020-09-19,2020-09-22,ETH-USDT,short,0.22071653594314528,4440433.962015722,980.0772021804061,4444.878840856578,negative,TrendDown,signal,False
2020-09-23,2020-09-24,ETH-USDT,cover,0.4386460261324372,4391398.616362519,1926.2695522309018,4387.011604757761,positive,TrendDown,Close above SMA30,False
2020-09-26,2020-09-27,SOL-USDT,buy,0.06288696902644376,4925360.224372343,309.7409758741817,4920.439784587756,positive,TrendBreakout,signal,False
2020-10-10,2020-10-12,BTC-USDT,short,0.009407690813627002,107047422.3668291,503.5345260114339,107154.57694377287,negative,TrendDown,signal,True
2020-10-14,2020-10-15,SOL-USDT,sell,0.06288696902644376,5141324.096033887,323.3222891821921,5146.4705666004875,negative,TrendBreakout,Breakout Exit (Below Low10),False
2020-10-22,2020-10-23,BTC-USDT,cover,0.009407690813627002,101627650.84718327,956.0815172855386,101526.12472246082,positive,TrendDown,Stop/Trail hit,False
2020-10-28,2020-10-29,BTC-USDT,short,0.008057704958599244,104681371.56703076,843.4916067486337,104786.15772475551,negative,TrendDown,signal,False
2020-10-30,2020-10-31,BTC-USDT,cover,0.008057704958599244,105973355.68418702,853.9020335758753,105867.48819599104,positive,TrendDown,Close above SMA30,False
2020-11-09,2020-11-10,ETH-USDT,buy,0.20269822040096636,4034324.039580532,408.87515167190577,4030.293745834698,positive,TrendUp,signal,True
2020-11-17,2020-11-18,BTC-USDT,buy,0.009647408486346435,104392776.482351,503.55987887454984,104288.48799435666,positive,TrendUp,signal,True
2020-11-19,2020-11-20,BTC-USDT,sell,0.009647408486346435,100018888.63052693,964.9230749690845,100119.0076381651,negative,Router,StateSwitch,False
2020-11-19,2020-11-20,BNB-USDT,short,0.10031325907741044,10390979.990741074,521.1765339396986,10401.381372113186,negative,TrendDown,signal,True
2020-11-29,2020-11-30,ETH-USDT,sell,0.20269822040096636,4903414.424536849,993.9133777420479,4908.322747284134,negative,Router,StateSwitch,False
2020-11-29,2020-11-30,BNB-USDT,cover,0.10031325907741044,9999140.764758293,1003.0463980866946,9989.151613145148,positive,TrendDown,Stop/Trail hit,False
2020-12-04,2020-12-05,ETH-USDT,buy,0.0813587747888787,5415335.971754971,440.58509973212625,5409.926045709262,positive,TrendBreakout,signal,False
2020-12-16,2020-12-17,BTC-USDT,short,0.00966327871700283,102435111.28348026,494.9295153697356,102537.64893241267,negative,TrendDown,signal,True
2020-12-18,2020-12-19,BTC-USDT,cover,0.00966327871700283,106804014.38574934,1032.0769591042756,106697.31706868067,positive,TrendDown,Close above SMA30,False
2020-12-24,2020-12-26,BTC-USDT,buy,0.009425921313947493,103979595.15489143,490.05174109306137,103875.71943545599,positive,TrendUp,signal,True
2020-12-27,2020-12-28,BTC-USDT,sell,0.009425921313947493,101548452.85391955,957.1877261541524,101650.10295687644,negative,TrendUp,Close below SMA30,False
2020-12-28,2020-12-29,BTC-USDT,buy,0.00916506264298254,102767204.05758871,470.93393141598506,102664.53951807065,positive,TrendUp,signal,True
2020-12-29,2020-12-30,BTC-USDT,sell,0.00916506264298254,100718967.08282056,923.095642650547,100819.78686969026,negative,Router,StateSwitch,False
2020-12-30,2020-12-31,ETH-USDT,sell,0.0813587747888787,5542448.891518132,450.92685114389405,5547.996888406538,negative,TrendBreakout,Breakout Exit (Below Low10),False
2021-01-03,2021-01-04,ETH-USDT,buy,0.10093476871937056,5818598.443115651,587.2988881267678,5812.785657458193,positive,TrendBreakout,signal,False
2021-01-23,2021-01-24,SOL-USDT,buy,0.19706362321106752,4854257.721081183,956.5976145165575,4849.408312768415,positive,TrendUp,signal,False
2021-01-25,2021-01-26,ETH-USDT,sell,0.10093476871937056,5849300.117726039,590.3977545528647,5855.155272999038,negative,TrendBreakout,Breakout Exit (Below Low10),False
2021-01-25,2021-01-26,SOL-USDT,sell,0.19706362321106752,4724083.680375891,930.9450464071476,4728.812492868759,negative,TrendUp,Close below SMA30,False
2021-02-06,2021-02-08,BTC-USDT,buy,0.009469065717607033,107232017.51207162,507.69351042669723,107124.89261945218,positive,TrendUp,signal,True
2021-02-04,2021-02-10,BNB-USDT,short,0.11268278317030507,9325519.387859968,1050.825479132701,9334.85424210207,negative,TrendDown,signal,False
2021-02-10,2021-02-11,BTC-USDT,sell,0.009469065717607033,107480640.78863215,1017.7412509980729,107588.2290176498,negative,TrendUp,Close below SMA30,False
2021-02-10,2021-02-11,BNB-USDT,cover,0.11268278317030507,9211984.764209336,1038.0320817535544,9202.78198222711,positive,TrendDown,Close above SMA30,False
2021-01-26,2021-02-12,BTC-USDT,buy,0.009910414655266967,104291443.75995408,1033.5714526575996,104187.25650345066,positive,TrendUp,signal,False
2021-02-11,2021-02-12,BTC-USDT,buy,0.009254588674552868,104291443.75995408,965.1744142736384,104187.25650345066,positive,TrendUp,signal,False
2021-02-13,2021-02-14,BTC-USDT,sell,0.019165003329819835,105015048.42313641,2012.6137527106007,105120.16859172814,negative,TrendUp,Close below SMA30,False
2021-03-15,2021-03-16,BNB-USDT,buy,0.10081677161485976,9988065.634508817,503.48226597425236,9978.087546961855,positive,TrendUp,signal,True
2021-03-17,2021-03-18,BNB-USDT,sell,0.10081677161485976,9889828.785286197,997.0606099562646,9899.728513799997,negative,TrendUp,Close below SMA30,False
2021-03-27,2021-03-28,SOL-USDT,buy,0.12858195843945938,4054161.3090161365,521.2920009427771,4050.1111978183185,positive,TrendBreakout,signal,False
2021-03-29,2021-03-30,SOL-USDT,sell,0.12858195843945938,3781808.2871363303,486.27231600256675,3785.593881017348,negative,Router,StateSwitch,False
2021-04-07,2021-04-08,BNB-USDT,buy,0.09696981352610491,10011059.73649954,970.7705958470574,10001.05867782172,positive,TrendUp,signal,False
2021-04-09,2021-04-10,BNB-USDT,sell,0.09696981352610491,10052949.307684036,974.8326197535064,10063.01232000404,negative,TrendUp,Close below SMA30,False
2021-05-05,2021-05-06,BTC-USDT,buy,0.0035397060950357116,125874902.91049346,445.56016104430216,125749.15375673675,positive,TrendBreakout,signal,False
2021-06-02,2021-06-03,BTC-USDT,sell,0.0035397060950357116,129194225.26796092,457.30958662441805,129323.54881677771,negative,TrendBreakout,Breakout Exit (Below Low10),False
2021-06-02,2021-06-03,BNB-USDT,buy,0.09330618439568686,11590347.878166826,1081.4511363303918,11578.76910905777,positive,TrendBreakout,signal,False
2021-06-06,2021-06-07,ETH-USDT,buy,0.18827701242192396,5353882.534586108,504.00650423489526,5348.534000585523,positive,TrendUp,signal,True
2021-06-24,2021-06-25,ETH-USDT,sell,0.18827701242192396,6688308.286043486,1259.2547022530662,6695.003289332818,negative,Router,StateSwitch,False
2021-06-29,2021-06-30,BNB-USDT,sell,0.09330618439568686,11440254.600863133,1067.4465053217405,11451.706307170303,negative,TrendBreakout,Breakout Exit (Below Low10),False
2021-07-25,2021-07-26,SOL-USDT,buy,0.33969205418444104,2583909.380034229,877.7334851302727,2581.328051982247,positive,TrendUp,signal,False
2021-07-27,2021-07-28,SOL-USDT,sell,0.33969205418444104,2620295.2591476813,890.0934791496281,2622.918177325006,negative,TrendUp,Close below SMA30,False
2021-08-06,2021-08-07,SOL-USDT,buy,0.3471431548096864,2605315.43676161,904.4174199918014,2602.7127240375726,positive,TrendUp,signal,False
2021-08-08,2021-08-09,SOL-USDT,sell,0.3471431548096864,2586546.244138875,897.9018232515143,2589.1353795183936,negative,TrendUp,Close below SMA30,False
2021-08-11,2021-08-12,BTC-USDT,short,0.009092085192457652,105180837.08199118,956.3131313634727,105286.12320519639,negative,TrendDown,signal,False
2021-08-11,2021-08-12,BNB-USDT,buy,0.04975658785914308,14488165.644491253,720.8816868079474,14473.691952538717,positive,TrendBreakout,signal,False
2021-08-13,2021-08-14,BTC-USDT,cover,0.009092085192457652,107173033.23235512,974.4263484826679,107065.96726509003,positive,TrendDown,Close above SMA30,False
2021-08-14,2021-08-15,SOL-USDT,short,0.3790402608523106,2730872.9354949533,1035.1107898245223,2733.60654203699,negative,TrendDown,signal,False
2021-08-26,2021-08-27,BNB-USDT,sell,0.04975658785914308,13361137.83617814,664.8046286439186,13374.512348526669,negative,TrendBreakout,Breakout Exit (Below Low10),False
2021-08-27,2021-08-28,SOL-USDT,cover,0.3790402608523106,2804649.472715762,1063.0750677374779,2801.847625090672,positive,TrendDown,Stop/Trail hit,False
2021-08-23,2021-08-31,ETH-USDT,buy,0.13614634045981736,7178466.433776021,977.3219350722411,7171.295138637384,positive,TrendUp,signal,False
2021-08-30,2021-08-31,ETH-USDT,buy,0.13799588960799472,7178466.433776021,990.5988615500514,7171.295138637384,positive,TrendUp,signal,False
2021-09-01,2021-09-02,ETH-USDT,sell,0.2741422300678121,7117886.826599159,1951.3133680141955,7125.011838437597,negative,TrendUp,Close below SMA30,False
2021-09-18,2021-09-19,SOL-USDT,buy,0.34988515008398,2761238.080633147,966.1162002599297,2758.4796010321156,positive,TrendUp,signal,False
2021-09-20,2021-09-21,SOL-USDT,sell,0.34988515008398,2665991.8761988473,932.7909677265052,2668.6605367355833,negative,Router,StateSwitch,False
2021-10-13,2021-10-14,BNB-USDT,buy,0.0627364489382612,13736167.938624527,430.8791992444492,13722.445493131398,positive,TrendUp,signal,True
2021-10-14,2021-10-15,ETH-USDT,buy,0.07480455114529147,8192291.367426531,612.8206785917878,8184.107260166365,positive,TrendBreakout,signal,False
2021-10-15,2021-10-16,BNB-USDT,sell,0.0627364489382612,14372220.20489197,901.6620590136512,14386.606811703676,negative,Router,StateSwitch,False
2021-10-20,2021-10-21,ETH-USDT,sell,0.07480455114529147,8180731.355286801,611.9559370724411,8188.920275562364,negative,Router,StateSwitch,False
2021-10-27,2021-10-28,BTC-USDT,buy,0.008922591860033581,115353730.49510385,1029.2542567401213,115238.49200310076,positive,TrendUp,signal,False
2021-10-30,2021-10-31,BTC-USDT,sell,0.008922591860033581,118113485.81057563,1053.8784270536341,118231.71752810373,negative,TrendUp,Close below SMA30,False
2021-10-31,2021-11-01,BTC-USDT,buy,0.008533285389524858,116799692.36247545,996.6851083377101,116683.00935312234,positive,TrendUp,signal,False
2021-11-02,2021-11-03,BTC-USDT,sell,0.008533285389524858,118158498.13851276,1008.2801858135712,118276.7749134262,negative,TrendUp,Close below SMA30,False
2021-11-13,2021-11-14,SOL-USDT,buy,0.23424884627442025,2256248.834546913,528.5236864006197,2253.994839707206,positive,TrendBreakout,signal,False
2021-11-14,2021-11-15,BTC-USDT,buy,0.007830907218588607,119522091.95812203,467.98320634783454,119402.6892688532,positive,TrendUp,signal,True
2021-11-14,2021-11-15,SOL-USDT,sell,0.23424884627442025,2304959.5232671835,539.9341090345754,2307.2667900572405,negative,Router,StateSwitch,False
2021-11-22,2021-11-23,BTC-USDT,sell,0.007830907218588607,117234783.53110531,918.0547126234053,117352.13566677208,negative,TrendUp,Close below SMA30,False
2021-12-13,2021-12-14,ETH-USDT,short,0.14881835472578,7154844.506110908,532.3860938591057,7162.006512623532,negative,TrendDown,signal,True
2021-12-24,2021-12-25,SOL-USDT,buy,0.3747913605431128,2506830.3758305577,469.7691836041688,2504.3260497807773,positive,TrendUp,signal,True
2021-12-26,2021-12-27,ETH-USDT,cover,0.14881835472578,7026685.796252754,1045.6998193733423,7019.666130122632,positive,TrendDown,Close above SMA30,False
2021-12-26,2021-12-27,SOL-USDT,sell,0.3747913605431128,2417216.6555286967,905.9519190530731,2419.6362918205173,negative,Router,StateSwitch,False
2021-12-26,2021-12-27,BNB-USDT,buy,0.056132933862989655,17587046.92584376,493.6062709668417,17569.47744839537,positive,TrendUp,signal,True
2021-12-28,2021-12-29,BNB-USDT,sell,0.056132933862989655,17407523.02294047,977.1353385651873,17424.947970911384,negative,TrendUp,Close below SMA30,False
2022-01-20,2022-01-21,BTC-USDT,short,0.008077376314819919,124724043.01233266,1007.4430309163967,124848.8919042369,negative,TrendDown,signal,False
2022-01-22,2022-01-23,BTC-USDT,cover,0.008077376314819919,130120600.22805141,1051.0330543522139,129990.60961843298,positive,TrendDown,Close above SMA30,False
2022-01-23,2022-01-25,SOL-USDT,buy,0.3567567440480975,2606431.8316116678,929.8621338290977,2603.82800360806,positive,TrendUp,signal,False
2022-01-25,2022-01-26,SOL-USDT,sell,0.3567567440480975,2639694.616549407,941.7288566814577,2642.33695350291,negative,TrendUp,Close below SMA30,False
2022-01-26,2022-01-27,SOL-USDT,buy,0.3729792520967477,2618483.570103853,976.640043604957,2615.867702401452,positive,TrendUp,signal,False
2022-01-28,2022-01-29,SOL-USDT,sell,0.3729792520967477,2640046.678455826,984.682635630957,2642.6893678236497,negative,TrendUp,Close below SMA30,False
2022-02-09,2022-02-10,BTC-USDT,buy,0.0075965575718060455,127179656.81860149,483.06379249252075,127052.60421438712,positive,TrendUp,signal,True
2022-02-13,2022-02-14,BTC-USDT,sell,0.0075965575718060455,127045475.03951739,965.1082653751417,127172.6476872046,negative,TrendUp,Close below SMA30,False
2022-02-14,2022-02-15,BTC-USDT,buy,0.007237945361478999,123354488.58955127,892.8330485043566,123231.25733221907,positive,TrendUp,signal,False
2022-02-15,2022-02-16,BTC-USDT,sell,0.007237945361478999,120897379.8811793,875.0486299259461,121018.39827945876,negative,Router,StateSwitch,False
2022-03-01,2022-03-02,BNB-USDT,short,0.05615231541826964,16823445.958611775,472.33772194509106,16840.286244856634,negative,TrendDown,signal,True
2022-03-03,2022-03-04,BNB-USDT,cover,0.05615231541826964,16941163.06308917,951.2855318709222,16924.238824264907,positive,TrendDown,Close above SMA30,False
2022-03-04,2022-03-05,BTC-USDT,short,0.00823653880308727,124672586.61997817,1026.870597376709,124797.38400398217,negative,TrendDown,signal,False
2022-03-06,2022-03-07,BTC-USDT,cover,0.00823653880308727,125572895.43564962,1034.2860258717485,125447.44798766197,positive,TrendDown,Close above SMA30,False
2022-04-05,2022-04-06,SOL-USDT,short,0.3641391775439728,2901508.795450068,1056.5530264117908,2904.413208658727,negative,TrendDown,signal,False
2022-04-07,2022-04-08,SOL-USDT,cover,0.3641391775439728,2954331.797355142,1075.7879508809083,2951.380416938204,positive,TrendDown,Close above SMA30,False
2022-04-14,2022-04-15,BTC-USDT,buy,0.007231931798075141,139740040.87673312,1010.5904450807664,139600.44043629686,positive,TrendUp,signal,False
2022-04-14,2022-04-15,ETH-USDT,buy,0.11283248221393889,6880583.545411425,776.3533205091552,6873.70983557585,positive,TrendUp,signal,False
2022-04-16,2022-04-17,BTC-USDT,sell,0.007231931798075141,138600269.3618695,1002.3476952198839,138739.00837023975,negative,TrendUp,Close below SMA30,False
2022-04-16,2022-04-17,ETH-USDT,sell,0.11283248221393889,6852205.550702892,773.1513609259374,6859.064615318211,negative,Router,StateSwitch,False
2022-04-23,2022-04-24,BNB-USDT,buy,0.05184224061322585,18626303.85461678,965.6293261660992,18607.696158458322,positive,TrendUp,signal,False
2022-04-22,2022-04-25,BNB-USDT,buy,0.05141882869025387,18334547.900330674,942.7409776003567,18316.231668662014,positive,TrendUp,signal,False
2022-04-25,2022-04-26,BNB-USDT,sell,0.10326106930347972,18228903.45465288,1882.3360629573522,18247.15060525814,negative,TrendUp,Close below SMA30,False
2022-04-26,2022-04-27,BTC-USDT,short,0.0071060946294640315,138385768.52601615,491.69118325848797,138524.292818835,negative,TrendDown,signal,True
2022-04-29,2022-04-30,SOL-USDT,buy,0.29702157042466154,2991526.984825528,888.5480430006311,2988.5384463791493,positive,TrendUp,signal,False
2022-05-01,2022-05-02,SOL-USDT,sell,0.29702157042466154,2999359.397733756,890.8744385828472,3002.361759493249,negative,Router,StateSwitch,False
2022-05-04,2022-05-10,ETH-USDT,short,0.13183339864675864,7100325.588352574,936.060053811066,7107.433021373949,negative,TrendDown,signal,False
2022-05-10,2022-05-11,ETH-USDT,cover,0.13183339864675864,7078881.414826081,933.2329955338976,7071.809605220861,positive,Router,StateSwitch,False
2022-05-19,2022-05-20,BTC-USDT,cover,0.0071060946294640315,134633979.55218402,956.7217990391451,134499.4800721119,positive,TrendDown,Stop/Trail hit,False
2022-05-27,2022-05-30,ETH-USDT,buy,0.1333921385239457,6920579.996055875,461.5754827499665,6913.666329726149,positive,TrendUp,signal,True
2022-05-25,2022-05-31,ETH-USDT,buy,0.13447388307015998,6882460.236692575,462.7555765520114,6875.584652040535,positive,TrendUp,signal,True
2022-05-31,2022-06-01,ETH-USDT,sell,0.26786602159410566,6932830.8040331295,1857.0698058614194,6939.770574607737,negative,TrendUp,Close below SMA30,False
2022-06-04,2022-06-05,BTC-USDT,buy,0.0025812923104164883,160700219.3521351,414.81424049590925,160539.67967246263,positive,TrendBreakout,signal,False
2022-06-04,2022-06-07,ETH-USDT,buy,0.13406404908892466,6984511.929131222,936.371950129228,6977.534394736486,positive,TrendUp,signal,False
2022-06-08,2022-06-09,BTC-USDT,sell,0.0025812923104164883,152864210.88466406,394.58721209446776,153017.22811277685,negative,TrendBreakout,Breakout Exit (Below Low10),False
2022-06-08,2022-06-09,ETH-USDT,sell,0.13406404908892466,6957974.366707488,932.8142170577522,6964.939306013502,negative,TrendUp,Close below SMA30,False
2022-05-24,2022-06-10,ETH-USDT,buy,0.1322769493662908,6745116.850199978,446.1117400318087,6738.378471728251,positive,TrendUp,signal,True
2022-06-10,2022-06-11,ETH-USDT,sell,0.1322769493662908,6592536.681992473,872.0406408793332,6599.135817810283,negative,TrendUp,Close below SMA30,False
2022-06-24,2022-06-25,BTC-USDT,buy,0.0019719329100842883,182143383.24958083,359.1745317839438,181961.4218277531,positive,TrendBreakout,signal,False
2022-06-26,2022-06-27,ETH-USDT,short,0.1410326716883903,6919724.893573576,975.9072890893435,6926.651545118694,negative,TrendDown,signal,False
2022-06-28,2022-06-29,ETH-USDT,cover,0.1410326716883903,7398954.385761039,1043.4943047244121,7391.562822938103,positive,TrendDown,Close above SMA30,False
2022-07-07,2022-07-08,BNB-USDT,buy,0.02932834778774424,15664012.63731221,459.39961037871336,15648.364273039171,positive,TrendBreakout,signal,False
2022-07-09,2022-07-10,BNB-USDT,sell,0.02932834778774424,14930654.643965818,437.89143209692816,14945.600244210027,negative,Router,StateSwitch,False
2022-07-10,2022-07-11,ETH-USDT,buy,0.12873742454522863,7068546.694265178,909.9864966973887,7061.4852090561235,positive,TrendUp,signal,False
2022-07-13,2022-07-14,ETH-USDT,sell,0.12873742454522863,7119808.4744049655,916.5858062501886,7126.9354098147805,negative,TrendUp,Close below SMA30,False
2022-07-14,2022-07-16,ETH-USDT,buy,0.13424916382918375,7154668.414015357,480.25412602831705,7147.520893122236,positive,TrendUp,signal,True
2022-07-18,2022-07-21,BNB-USDT,buy,0.06230640577299131,14611263.227605337,455.18764775758245,14596.666561044294,positive,TrendUp,signal,True
2022-07-23,2022-07-24,ETH-USDT,sell,0.13424916382918375,7496413.873748139,1006.38729426818,7503.917791539679,negative,TrendUp,Close below SMA30,False
2022-07-31,2022-08-01,BNB-USDT,sell,0.06230640577299131,14529387.822641782,905.2739333106776,14543.931754396179,negative,TrendUp,Close below SMA30,False
2022-07-17,2022-08-02,BNB-USDT,buy,0.06087793583336612,13952759.37196757,849.4151897450396,13938.820551416156,positive,TrendUp,signal,False
2022-08-01,2022-08-02,BNB-USDT,buy,0.06131716808090307,13952759.37196757,855.543691603331,13938.820551416156,positive,TrendUp,signal,False
2022-08-03,2022-08-04,BNB-USDT,sell,0.12219510391426919,13732819.096257262,1678.0832565030164,13746.565661919181,negative,TrendUp,Close below SMA30,False
2022-08-05,2022-08-06,BTC-USDT,sell,0.0019719329100842883,180288968.19039056,355.51774969977055,180469.43762801858,negative,Router,StateSwitch,False
2022-08-07,2022-08-08,SOL-USDT,short,0.2971091472643377,3258816.8337825383,968.2242905757988,3262.0789126952336,negative,TrendDown,signal,False
2022-08-11,2022-08-12,SOL-USDT,cover,0.2971091472643377,3402830.6617161348,1011.0121161874227,3399.4312304856494,positive,TrendDown,Close above SMA30,False
2022-08-27,2022-08-28,SOL-USDT,buy,0.1537843279658521,3811111.3094726745,586.0891915303138,3807.304005467208,positive,TrendBreakout,signal,False
2022-09-02,2022-09-03,SOL-USDT,sell,0.1537843279658521,3732563.6904622773,574.0097987274821,3736.29999045273,negative,Router,StateSwitch,False
2022-09-13,2022-09-14,BNB-USDT,buy,0.037007101320147125,12897307.976443402,477.2919830413827,12884.423552890514,positive,TrendBreakout,signal,False
2022-09-14,2022-09-15,ETH-USDT,short,0.1187365387070207,8514027.750684492,1010.9261855717975,8522.550300985478,negative,TrendDown,signal,False
2022-09-14,2022-09-15,BNB-USDT,sell,0.037007101320147125,12845352.823496988,475.369273432191,12858.21103453152,negative,Router,StateSwitch,False
2022-09-16,2022-09-17,ETH-USDT,cover,0.1187365387070207,8655439.155170042,1027.7168862741103,8646.792362807237,positive,TrendDown,Close above SMA30,False
2022-09-19,2022-09-20,SOL-USDT,buy,0.2571670367955907,3769932.4435753054,484.7511777169109,3766.1662772980076,positive,TrendUp,signal,True
2022-09-30,2022-10-01,SOL-USDT,sell,0.2571670367955907,3763878.4966473873,967.9454798414513,3767.6461427901772,negative,TrendUp,Close below SMA30,False
2022-10-05,2022-10-06,ETH-USDT,buy,0.10196155024184889,8234329.356873916,839.584986428831,8226.103253620297,positive,TrendUp,signal,False
2022-10-10,2022-10-11,ETH-USDT,sell,0.10196155024184889,7872290.846940701,802.6709787087915,7880.17101795866,negative,TrendUp,Close below SMA30,False
2022-10-19,2022-10-20,BTC-USDT,buy,0.0048877602089833164,164976100.30024582,806.3636184807822,164811.28901123462,positive,TrendUp,signal,False
2022-10-21,2022-10-22,BTC-USDT,sell,0.0048877602089833164,166850586.49467117,815.5256575141829,167017.60409876992,negative,Router,StateSwitch,False
2022-10-10,2022-10-27,BNB-USDT,buy,0.06811994411606466,13068794.238987617,890.2455332241843,13055.738500487132,positive,TrendUp,signal,False
2022-10-27,2022-10-28,BNB-USDT,sell,0.06811994411606466,12895759.960156703,878.458447820059,12908.66862878549,negative,TrendUp,Close below SMA30,False
2022-11-04,2022-11-06,SOL-USDT,buy,0.22903029489943738,4027310.9397398266,922.3762121803428,4023.2876520877394,positive,TrendUp,signal,False
2022-11-06,2022-11-07,SOL-USDT,sell,0.22903029489943738,3896676.8612555526,892.4570506611733,3900.577438694247,negative,TrendUp,Close below SMA30,False
2022-11-06,2022-11-07,BNB-USDT,short,0.06575565081628615,13716035.559508037,901.9068448347746,13729.76532483287,negative,TrendDown,signal,False
2022-11-08,2022-11-09,BNB-USDT,cover,0.06575565081628615,14082601.127265472,926.0106023095061,14068.532594670804,positive,TrendDown,Close above SMA30,False
2022-12-19,2022-12-20,ETH-USDT,buy,0.030179129490670108,9236165.462148562,278.7394334794364,9226.938523624938,positive,TrendBreakout,signal,False
2022-12-19,2022-12-21,BTC-USDT,short,0.006757046702614234,131738045.32097638,445.080062372474,131869.9152362126,negative,TrendDown,signal,True
2022-12-15,2022-12-25,BTC-USDT,short,0.006198456372526172,138894527.48201242,860.9316689798915,139033.56104305547,negative,TrendDown,signal,False
2022-12-24,2022-12-25,BTC-USDT,cover,0.006757046702614234,139172594.60409853,940.3957214638916,139033.56104305547,positive,TrendDown,Close above SMA30,False
2022-12-25,2022-12-26,BTC-USDT,cover,0.006198456372526172,137634042.4395289,853.1186074358357,137496.5458936353,positive,TrendDown,Close above SMA30,False
2022-12-26,2022-12-27,SOL-USDT,short,0.23640170945590705,3313324.092962389,391.63773977887575,3316.640733696085,negative,TrendDown,signal,True
2022-12-30,2022-12-31,SOL-USDT,cover,0.23640170945590705,3568055.546069074,843.494430524359,3564.4910550140603,positive,TrendDown,Close above SMA30,False
2023-01-11,2023-01-12,ETH-USDT,sell,0.030179129490670108,9504456.209165897,286.8362146748211,9513.970179345242,negative,TrendBreakout,Breakout Exit (Below Low10),False
2023-01-12,2023-01-13,BNB-USDT,short,0.06376661659809113,14538900.707517797,927.0965071740032,14553.454161679478,negative,TrendDown,signal,False
2023-01-14,2023-01-15,BNB-USDT,cover,0.06376661659809113,15079662.23171392,961.5790399584168,15064.597634079842,positive,TrendDown,Close above SMA30,False
2023-01-15,2023-01-16,SOL-USDT,buy,0.2202195033890646,3372965.398672702,742.7927650442007,3369.5958028698324,positive,TrendUp,signal,False
2023-01-17,2023-01-18,SOL-USDT,sell,0.2202195033890646,3446653.758488812,759.0203790484592,3450.1038623511636,negative,Router,StateSwitch,False
2023-01-26,2023-01-27,BTC-USDT,buy,0.005750899673563341,142109866.31275627,817.2595837881601,141967.89841434197,positive,TrendUp,signal,False
2023-01-28,2023-01-29,BTC-USDT,sell,0.005750899673563341,141448858.21501634,813.4581925346448,141590.44866368003,negative,TrendUp,Close below SMA30,False
2023-02-24,2023-02-25,ETH-USDT,buy,0.08575284825411678,9393365.516586402,805.507847739287,9383.98153505135,positive,TrendUp,signal,False
2023-02-24,2023-02-26,BTC-USDT,short,0.0058825335854600785,145683856.86316797,428.4950904284722,145829.6865497177,negative,TrendDown,signal,True
2023-02-27,2023-02-28,SOL-USDT,buy,0.11686620262934296,4450991.94196951,520.1705261917815,4446.5453965729375,positive,TrendBreakout,signal,False
2023-02-28,2023-03-01,BTC-USDT,cover,0.0058825335854600785,150216448.55414712,883.6533037083066,150066.38217197516,positive,Router,StateSwitch,False
2023-02-28,2023-03-01,ETH-USDT,sell,0.08575284825411678,9112199.072439892,781.3970243202418,9121.320392832724,negative,TrendUp,Close below SMA30,False
2023-03-20,2023-03-21,BTC-USDT,buy,0.005760103992000459,143248121.99008235,825.1240793216422,143105.01697310925,positive,TrendUp,signal,False
2023-03-20,2023-03-21,SOL-USDT,sell,0.11686620262934296,4543549.326824084,530.9873562850382,4548.097424248333,negative,TrendBreakout,Breakout Exit (Below Low10),False
2023-03-22,2023-03-23,BTC-USDT,sell,0.005760103992000459,145968441.385865,840.793401932806,146114.55594180682,negative,Router,StateSwitch,False
2023-04-07,2023-04-08,ETH-USDT,buy,0.07721590503572043,9475793.482413264,731.6819696761212,9466.327155258008,positive,TrendUp,signal,False
2023-04-09,2023-04-10,ETH-USDT,sell,0.07721590503572043,9207007.429996198,710.9274113777589,9216.223653649848,negative,Router,StateSwitch,False
2023-05-04,2023-05-05,ETH-USDT,short,0.09310456870138009,9053503.04858035,421.4612482873517,9062.565614194544,negative,TrendDown,signal,True
2023-05-15,2023-05-16,BNB-USDT,short,0.07516114715369233,12352042.81600062,928.3937077421309,12364.407223223845,negative,TrendDown,signal,False
2023-05-16,2023-05-17,ETH-USDT,cover,0.09310456870138009,8957633.59887484,833.9966128082333,8948.684913960882,positive,Router,StateSwitch,False
2023-05-17,2023-05-18,BNB-USDT,cover,0.07516114715369233,12172941.612837143,914.9322558557574,12160.780832005139,positive,TrendDown,Close above SMA30,False
2023-05-18,2023-05-19,BNB-USDT,short,0.07521297771068611,12412143.547496542,933.5542759796939,12424.568115612155,negative,TrendDown,signal,False
2023-04-30,2023-05-21,BNB-USDT,short,0.07275727577357226,12874266.42142781,468.34827620313223,12887.153575002814,negative,TrendDown,signal,True
2023-05-20,2023-05-21,BNB-USDT,cover,0.07521297771068611,12863166.59462934,967.4770623706987,12850.31627835099,positive,TrendDown,Close above SMA30,False
2023-05-21,2023-05-22,BNB-USDT,cover,0.07275727577357224,13124175.980701936,954.8792911288238,13111.064915786152,positive,TrendDown,Close above SMA30,False
2023-06-05,2023-06-06,SOL-USDT,buy,0.17556405385283258,4450044.113439508,781.2677843793743,4445.598514924584,positive,TrendUp,signal,False
2023-06-07,2023-06-08,SOL-USDT,sell,0.17556405385283258,4450292.907432135,781.3114636612943,4454.7476550872225,negative,Router,StateSwitch,False
2023-06-08,2023-06-09,BNB-USDT,buy,0.06895278481574817,12121183.071897328,835.7893280688257,12109.07399789943,positive,TrendUp,signal,False
2023-06-10,2023-06-11,BNB-USDT,sell,0.06895278481574817,12076552.199282972,832.7119051133091,12088.640840123095,negative,TrendUp,Close below SMA30,False
2023-06-12,2023-06-14,ETH-USDT,buy,0.09146528757404875,8958223.021358164,409.6832224004942,8949.273747610554,positive,TrendUp,signal,True
2023-06-13,2023-06-14,ETH-USDT,buy,0.08968744015936024,9117231.071490517,408.8505580716828,9108.122948541977,positive,TrendUp,signal,True
2023-06-14,2023-06-15,ETH-USDT,sell,0.18115272773340899,9209829.954154227,1668.3858181558953,9219.049003157385,negative,Router,StateSwitch,False
2023-06-19,2023-06-20,BTC-USDT,buy,0.007454537498723646,114619228.05687425,854.4333336247265,114504.72333354072,positive,TrendUp,signal,False
2023-06-20,2023-06-21,BTC-USDT,sell,0.007454537498723646,115178853.98229004,858.6050860709965,115294.14813042046,negative,Router,StateSwitch,False
2023-06-28,2023-06-29,ETH-USDT,buy,0.08556264042834676,9788120.571131393,418.74872044850974,9778.342228902493,positive,TrendUp,signal,True
2023-06-30,2023-07-01,ETH-USDT,sell,0.08556264042834676,9780937.079091428,836.882802350584,9790.727806898325,negative,TrendUp,Close below SMA30,False
2023-07-16,2023-07-17,SOL-USDT,buy,0.07600650994191445,5862056.405192175,445.5544484413023,5856.200204987189,positive,TrendBreakout,signal,False
2023-07-19,2023-07-20,SOL-USDT,sell,0.07600650994191445,5396388.852619278,410.1606829770435,5401.790643262541,negative,TrendBreakout,Breakout Exit (Below Low10),False
2023-08-02,2023-08-03,BTC-USDT,short,0.006978901958697952,120274367.90217783,839.3830217336669,120394.76266484267,negative,TrendDown,signal,False
2023-08-05,2023-08-06,BTC-USDT,cover,0.006978901958697952,118105652.15326013,824.2477671456861,117987.66448877136,positive,TrendDown,Close above SMA30,False
2023-08-12,2023-08-17,ETH-USDT,buy,0.08174597659107037,10255884.661133554,838.3773074297411,10245.639022111443,positive,TrendUp,signal,False
2023-08-16,2023-08-17,ETH-USDT,buy,0.08561320942128446,10255884.661133554,878.039201294166,10245.639022111443,positive,TrendUp,signal,False
2023-08-18,2023-08-19,ETH-USDT,sell,0.16735918601235483,10218217.821044052,1710.1126170268706,10228.446267311363,negative,Router,StateSwitch,False
2023-08-29,2023-08-30,SOL-USDT,buy,0.1778342631647742,5235398.271103709,931.0331939158607,5230.168103000709,positive,TrendUp,signal,False
2023-08-30,2023-08-31,SOL-USDT,sell,0.1778342631647742,5086916.048458041,904.6279672586004,5092.008056514555,negative,Router,StateSwitch,False
2023-09-03,2023-09-18,BNB-USDT,short,0.08503309067082962,9373320.379255177,398.52120084797025,9382.703082337515,negative,TrendDown,signal,True
2023-09-18,2023-09-19,BNB-USDT,cover,0.08503309067082962,9533007.20054664,810.6210656497542,9523.483716829813,positive,TrendDown,Close above SMA30,False
2023-09-28,2023-09-29,BTC-USDT,buy,0.0037797939801770615,94928847.15185615,358.81148500973427,94834.01313871745,positive,TrendBreakout,signal,False
2023-09-23,2023-10-03,SOL-USDT,short,0.17196439628278046,5187157.937222525,892.0064830979043,5192.350287510035,negative,TrendDown,signal,False
2023-10-03,2023-10-04,SOL-USDT,cover,0.17196439628278046,4972453.847286755,855.0850238926558,4967.48636092583,positive,TrendDown,Close above SMA30,False
2023-10-04,2023-10-05,BTC-USDT,sell,0.0037797939801770615,86174227.45844243,325.72082619382957,86260.48794638882,negative,TrendBreakout,Breakout Exit (Below Low10),False
2023-10-29,2023-11-06,ETH-USDT,short,0.10121114595335834,9064754.821003376,458.7271116099907,9073.828649653029,negative,TrendDown,signal,True
2023-11-05,2023-11-06,ETH-USDT,short,0.08903384887908428,9056900.632546084,806.3707222309909,9065.96659914523,negative,TrendDown,signal,False
2023-11-07,2023-11-08,ETH-USDT,cover,0.19024499483244262,9729305.617749322,1850.9516969719748,9719.586031717607,positive,TrendDown,Close above SMA30,False
2023-11-09,2023-11-10,BTC-USDT,buy,0.007859419469993328,94491174.6288045,371.3228888100829,94396.77785095357,positive,TrendUp,signal,True
2023-11-12,2023-11-13,BTC-USDT,sell,0.007859419469993328,93798094.00463796,737.198566268316,93891.98599062859,negative,TrendUp,Close below SMA30,False
2023-11-24,2023-11-27,BTC-USDT,buy,0.0075268429686423804,98375019.20645535,370.2266608020838,98276.74246399138,positive,TrendUp,signal,True
2023-11-27,2023-11-28,BNB-USDT,buy,0.09790075840571515,7761357.654170334,759.842800601278,7753.604050120215,positive,TrendBreakout,signal,False
2023-11-28,2023-11-29,BNB-USDT,sell,0.09790075840571515,7576471.851662506,741.7423403173123,7584.055907570077,negative,Router,StateSwitch,False
2023-11-29,2023-11-30,ETH-USDT,buy,0.06976081491271469,10837832.33590914,756.0560156403917,10827.005330578562,positive,TrendBreakout,signal,False
2023-12-09,2023-12-10,ETH-USDT,sell,0.06976081491271469,9838639.173612138,686.3514863833406,9848.487661273413,negative,TrendBreakout,Breakout Exit (Below Low10),False
2023-12-25,2023-12-26,BTC-USDT,sell,0.0075268429686423804,116669096.21107936,878.1499664742241,116785.88209317253,negative,Router,StateSwitch,False
2023-12-25,2023-12-26,SOL-USDT,buy,0.17268026891377633,5035542.6182643855,869.5388534486755,5030.512106158228,positive,TrendUp,signal,False
2023-12-27,2023-12-28,SOL-USDT,sell,0.17268026891377633,5210398.995672591,899.7330997208131,5215.614610282873,negative,TrendUp,Close below SMA30,False
2024-01-20,2024-01-21,BTC-USDT,short,0.007798370871322088,111667466.91705135,870.8243212802562,111779.24616321457,negative,TrendDown,signal,False
2024-01-22,2024-01-23,BTC-USDT,cover,0.007798370871322088,115333968.98816253,899.4170642312517,115218.75023792463,positive,TrendDown,Close above SMA30,False
2024-01-25,2024-01-26,ETH-USDT,buy,0.08065357869405781,10871445.865630507,876.8210146418196,10860.585280350158,positive,TrendUp,signal,False
2024-01-27,2024-01-28,ETH-USDT,sell,0.08065357869405781,10268911.475350987,828.2244597795342,10279.190666017004,negative,Router,StateSwitch,False
2024-02-18,2024-02-19,BNB-USDT,buy,0.0952056187398838,8169970.176403017,777.8270657308468,8161.808368034983,positive,TrendUp,signal,False
2024-02-20,2024-02-21,BNB-USDT,sell,0.0952056187398838,8473045.440903043,806.6815338123258,8481.526967870914,negative,Router,StateSwitch,False
2024-03-01,2024-03-02,SOL-USDT,buy,0.07696996053060948,6562125.6699552545,505.08655381335524,6555.5700998554,positive,TrendBreakout,signal,False
2024-02-29,2024-03-03,BNB-USDT,buy,0.08795310094805117,8671745.785130454,762.7069324354162,8663.082702428028,positive,TrendUp,signal,False
2024-03-03,2024-03-04,BNB-USDT,sell,0.08795310094805117,8830233.791775256,776.6464440829018,8839.072864639897,negative,TrendUp,Close below SMA30,False
2024-03-05,2024-03-06,BNB-USDT,buy,0.10303873382169812,8749506.059281647,901.5380259136565,8740.76529398766,positive,TrendUp,signal,False
2024-03-06,2024-03-07,BNB-USDT,sell,0.10303873382169812,8497068.743866887,875.5272045639709,8505.574318185072,negative,Router,StateSwitch,False
2024-03-11,2024-03-13,BTC-USDT,buy,0.006461787618821173,123951772.29926209,800.9500275743131,123827.9443549072,positive,TrendUp,signal,False
2024-03-12,2024-03-13,BTC-USDT,buy,0.006573440340191967,123951772.29926209,814.7895802702587,123827.9443549072,positive,TrendUp,signal,False
2024-03-12,2024-03-13,SOL-USDT,sell,0.07696996053060948,6277622.9998097075,483.18839452139946,6283.906906716425,negative,TrendBreakout,Breakout Exit (Below Low10),False
2024-03-13,2024-03-14,BTC-USDT,sell,0.01303522795901314,120846043.94083892,1575.255730713754,120967.01095179071,negative,Router,StateSwitch,False
2024-04-02,2024-04-03,ETH-USDT,buy,0.07780402755684757,9715965.251502998,755.9412281693127,9706.258992510488,positive,TrendUp,signal,False
2024-04-04,2024-04-05,ETH-USDT,sell,0.07780402755684757,9422172.575268202,733.0829746915406,9431.60417944765,negative,TrendUp,Close below SMA30,False
2024-04-05,2024-04-06,BTC-USDT,short,0.006378469907577527,118730462.95933515,757.3186850988675,118849.31227160676,negative,TrendDown,signal,False
2024-04-07,2024-04-08,BTC-USDT,cover,0.006378469907577527,119673215.07158278,763.3320010771442,119553.66141017263,positive,TrendDown,Close above SMA30,False
2024-04-21,2024-04-23,SOL-USDT,buy,0.12373909265535424,6039603.357109134,747.3350394069157,6033.569787321812,positive,TrendUp,signal,False
2024-04-22,2024-04-23,SOL-USDT,buy,0.12447809753392335,6039603.357109134,751.7983357524416,6033.569787321812,positive,TrendUp,signal,False
2024-04-23,2024-04-24,SOL-USDT,sell,0.24821719018927757,6226639.006241531,1545.5588384522284,6232.871878119651,negative,Router,StateSwitch,False
2024-04-24,2024-04-28,ETH-USDT,buy,0.08117795327474164,9842248.842206843,798.9736166310471,9832.416425781064,positive,TrendUp,signal,False
2024-04-28,2024-04-29,BTC-USDT,buy,0.0066155575029570625,115210548.23696625,381.0910034044294,115095.45278418208,positive,TrendUp,signal,True
2024-04-28,2024-04-29,ETH-USDT,sell,0.08117795327474164,9580877.516635673,777.7560273764734,9590.467984620294,negative,TrendUp,Close below SMA30,False
2024-04-30,2024-05-01,BTC-USDT,sell,0.0066155575029570625,114066639.50121944,754.6144127893907,114180.82032154099,negative,Router,StateSwitch,False
2024-09-14,2024-09-15,BTC-USDT,short,0.013825031714515584,60813041.01925808,420.37111037369004,60873.91493419228,negative,TrendDown,signal,True
2024-09-17,2024-09-18,BTC-USDT,cover,0.013825031714515584,60383043.54986437,834.7974920958505,60322.72082903534,positive,TrendDown,Close above SMA30,False
2024-09-21,2024-09-22,BNB-USDT,buy,0.07078251509280659,5995517.7972075585,424.3778289700345,5989.52826893862,positive,TrendBreakout,signal,False
2024-09-24,2024-09-25,BNB-USDT,sell,0.07078251509280659,6076838.455628041,430.13390970203926,6082.921377005046,negative,Router,StateSwitch,False
2024-10-04,2024-10-06,BNB-USDT,buy,0.14699302946673426,5769989.443204598,424.0741141238595,5764.225217986612,positive,TrendUp,signal,True
2024-10-06,2024-10-07,BNB-USDT,sell,0.14699302946673426,5808531.901830426,853.8137010042259,5814.346248078505,negative,TrendUp,Close below SMA30,False
2024-10-09,2024-10-29,BNB-USDT,buy,0.15074672520284546,5689879.406073442,857.7306872646826,5684.19521086258,positive,TrendUp,signal,False
2024-10-29,2024-10-30,BNB-USDT,sell,0.15074672520284546,5712078.267401193,861.0770929130733,5717.796063464659,negative,TrendUp,Close below SMA30,False
2024-11-19,2024-11-20,SOL-USDT,buy,0.25063351312906224,2766246.9932670104,693.3142021052163,2763.4835097572536,positive,TrendBreakout,signal,False
2024-11-22,2024-11-23,SOL-USDT,sell,0.25063351312906224,2694849.018433296,675.419476842342,2697.5465649982943,negative,Router,StateSwitch,False
2025-03-06,2025-03-10,BTC-USDT,short,0.025714163622590668,34776185.65339676,894.2405280610345,34810.996650046814,negative,TrendDown,signal,False
2025-03-10,2025-03-11,BTC-USDT,cover,0.025714163622590668,33545412.494766608,862.592225677726,33511.90059417244,positive,TrendDown,Close above SMA30,False
2025-07-28,2025-07-29,SOL-USDT,buy,1.3631884303036028,548130.5772144399,747.2052611543601,547.5829942202197,positive,TrendBreakout,signal,False
2025-08-16,2025-08-17,SOL-USDT,sell,1.3631884303036028,581142.8003497302,792.2071417909888,581.7245248746048,negative,Router,StateSwitch,False
2025-11-29,2025-11-30,BTC-USDT,short,0.13100274466169287,5983824.528102054,783.8974367553283,5989.814342444499,negative,TrendDown,signal,False
2025-12-02,2025-12-03,BTC-USDT,cover,0.13100274466169287,5922646.918714536,775.8830020137225,5916.730188526011,positive,TrendDown,Close above SMA30,False
2026-05-07,2026-05-08,SOL-USDT,short,4.810190550672759,177910.09862239755,427.8907376313577,178.08818680920677,negative,TrendDown,signal,True
2026-06-04,2026-06-05,SOL-USDT,cover,4.810190550672759,145554.55184334452,700.1451298842641,145.40914270064388,positive,Router,StateSwitch,False
2027-05-21,2027-05-22,ETH-USDT,buy,19.328886147519285,45546.80116616352,440.18446706223665,45.501299866297224,positive,TrendUp,signal,True
2027-05-23,2027-05-24,ETH-USDT,sell,19.328886147519285,45279.86704335527,875.2093948558247,45.32519223559086,negative,TrendUp,Close below SMA30,False
2027-11-10,2027-11-12,BNB-USDT,short,45.995413928619364,18115.05969379124,416.60483447878846,18.13319288667792,negative,TrendDown,signal,True
2027-11-14,2027-11-15,BNB-USDT,cover,45.995413928619364,18063.783747082907,830.8512105641453,18.045738009073837,positive,TrendDown,Close above SMA30,False
2027-11-21,2027-11-22,ETH-USDT,buy,50.34801974952587,18113.880508158672,455.99900678266226,18.095784723435237,positive,TrendUp,signal,True
2027-11-23,2027-11-24,ETH-USDT,sell,50.34801974952587,17783.5964489694,895.3688652303096,17.80139784681622,negative,Router,StateSwitch,False
2027-11-15,2027-12-09,BNB-USDT,short,48.18691824438311,17995.042125205513,433.562811845754,18.013055180385898,negative,TrendDown,signal,True
2027-12-09,2027-12-10,BNB-USDT,cover,48.18691824438311,18206.878536146793,877.3333675067191,18.188689846300495,positive,Router,StateSwitch,False
2028-05-19,2028-05-20,SOL-USDT,buy,129.59428569872563,4590.746146688926,594.9344677043285,4.586159986702224,positive,TrendBreakout,signal,False
2028-05-21,2028-05-22,SOL-USDT,sell,129.59428569872563,4429.3295363901825,574.0157973927534,4.433763299689873,negative,Router,StateSwitch,False
2028-08-05,2028-08-06,SOL-USDT,buy,133.97576792679808,3357.8873276902073,449.87553333895937,3.354532794895312,positive,TrendBreakout,signal,False
2028-08-14,2028-08-15,SOL-USDT,sell,133.97576792679808,3113.151147364625,417.08681564036823,3.1162674147794047,negative,TrendBreakout,Breakout Exit (Below Low10),False
