timestamp,0
2020-08-11,10000.0
2020-08-12,10000.0
2020-08-13,10000.0
2020-08-14,10000.0
2020-08-15,10000.0
2020-08-16,10000.0
2020-08-17,10000.0
2020-08-18,10000.0
2020-08-19,10000.0
2020-08-20,10000.0
2020-08-21,10000.0
2020-08-22,10000.0
2020-08-23,10000.0
2020-08-24,10000.0
2020-08-25,10000.0
2020-08-26,10000.0
2020-08-27,10000.0
2020-08-28,10000.0
2020-08-29,10000.0
2020-08-30,10000.0
2020-08-31,10000.0
2020-09-01,10000.0
2020-09-02,10000.0
2020-09-03,10000.0
2020-09-04,10000.0
2020-09-05,10000.0
2020-09-06,10000.0
2020-09-07,10000.0
2020-09-08,10000.0
2020-09-09,10000.0
2020-09-10,10000.0
2020-09-11,10000.0
2020-09-12,10000.0
2020-09-13,10000.0
2020-09-14,10000.0
2020-09-15,10000.0
2020-09-16,10000.0
2020-09-17,10000.0
2020-09-18,10000.0
2020-09-19,10000.0
2020-09-20,10000.0
2020-09-21,10000.0
2020-09-22,10000.0
2020-09-23,10000.0
2020-09-24,10000.0
2020-09-25,10000.0
2020-09-26,10000.0
2020-09-27,10000.0
2020-09-28,10000.0
2020-09-29,10000.0
2020-09-30,10000.0
2020-10-01,9735.638778720551
2020-10-02,9456.011676364815
2020-10-03,9454.091146724102
2020-10-04,9569.27468968366
2020-10-05,9702.239876324698
2020-10-06,9054.130261819259
2020-10-07,9206.306743564754
2020-10-08,9393.069282969518
2020-10-09,9736.900612565509
2020-10-10,9703.458304409993
2020-10-11,9773.928777314868
2020-10-12,10232.946325044883
2020-10-13,10003.470405355602
2020-10-14,9897.353417515815
2020-10-15,9903.009791933702
2020-10-16,9542.602805610486
2020-10-17,9657.717903635488
2020-10-18,9796.257799055038
2020-10-19,9624.774099389668
2020-10-20,9297.766862154494
2020-10-21,9683.600616596468
2020-10-22,10028.388865253059
2020-10-23,9990.978044343781
2020-10-24,9990.956474556298
2020-10-25,9734.78352313239
2020-10-26,9580.360953953146
2020-10-27,9832.182605008202
2020-10-28,9305.838814647648
2020-10-29,9166.158451691595
2020-10-30,9059.294349393378
2020-10-31,9298.307117297922
2020-11-01,9444.319588102913
2020-11-02,9068.926564813624
2020-11-03,9005.440293933636
2020-11-04,9084.794632461231
2020-11-05,9473.915091656683
2020-11-06,10655.583903921171
2020-11-07,10457.502509064261
2020-11-08,10922.47933754836
2020-11-09,10646.767669868985
2020-11-10,10998.942578675294
2020-11-11,10803.710029455757
2020-11-12,10749.556979783305
2020-11-13,11033.51832948136
2020-11-14,10743.862726758447
2020-11-15,10797.496788012464
2020-11-16,11320.118508548983
2020-11-17,11596.23375728029
2020-11-18,11434.635758680191
2020-11-19,11359.838197869693
2020-11-20,11839.113517044329
2020-11-21,12642.042108060412
2020-11-22,12279.77180091758
2020-11-23,12819.11048241936
2020-11-24,13248.066388543262
2020-11-25,12696.01150802007
2020-11-26,11345.490360472559
2020-11-27,11285.815748561316
2020-11-28,11593.927684851507
2020-11-29,12015.087639010202
2020-11-30,12693.904829594989
2020-12-01,12263.720510999361
2020-12-02,12633.80904233284
2020-12-03,12777.614451231622
2020-12-04,11852.953935402278
2020-12-05,12359.77020384632
2020-12-06,12193.68758495627
2020-12-07,12059.29661604468
2020-12-08,11296.227396823142
2020-12-09,11463.88677575481
2020-12-10,11145.964831906715
2020-12-11,10774.892288705218
2020-12-12,11185.568268265119
2020-12-13,11598.523664088094
2020-12-14,11724.150689121921
2020-12-15,12009.082956306298
2020-12-16,12700.265910026252
2020-12-17,12727.521726175837
2020-12-18,12946.8446549862
2020-12-19,13252.387508378011
2020-12-20,12988.199343924505
2020-12-21,12453.203958965636
2020-12-22,12805.442370771596
2020-12-23,11621.729546284738
2020-12-24,12333.944891775476
2020-12-25,12795.180167383169
2020-12-26,12855.242752920853
2020-12-27,13019.948265686437
2020-12-28,14087.122595658971
2020-12-29,14795.361424231873
2020-12-30,14712.539763966657
2020-12-31,14498.444217795628
2021-01-01,15358.209061706388
2021-01-02,15929.780253617762
2021-01-03,18230.304077710327
2021-01-04,19026.109322417647
2021-01-05,19037.796764913957
2021-01-06,19463.29774186291
2021-01-07,21093.1883885488
2021-01-08,22979.699871795197
2021-01-09,23678.91098049103
2021-01-10,23212.4089634672
2021-01-11,20856.80224199198
2021-01-12,21389.97484693703
2021-01-13,22413.429255782157
2021-01-14,23060.743470335055
2021-01-15,22195.06720780244
2021-01-16,22975.4943661046
2021-01-17,24007.826652669264
2021-01-18,24137.300888903937
2021-01-19,23901.21985185695
2021-01-20,24038.029327316213
2021-01-21,20359.20609569829
2021-01-22,22147.696579232324
2021-01-23,22295.407837740833
2021-01-24,23360.259341512123
2021-01-25,23169.75412708642
2021-01-26,23947.50860126743
2021-01-27,22324.439687792354
2021-01-28,23713.242658823678
2021-01-29,24169.906883233638
2021-01-30,25065.682323556073
2021-01-31,24526.41699185576
2021-02-01,26405.80443856478
2021-02-02,28273.351080789445
2021-02-03,30242.76688740266
2021-02-04,31243.731691048502
2021-02-05,34129.27587887534
2021-02-06,34027.63737346476
2021-02-07,33889.88298469764
2021-02-08,39160.79409608783
2021-02-09,42582.055612968325
2021-02-10,45945.858501897965
2021-02-11,46756.63526926934
2021-02-12,48127.906314859705
2021-02-13,47044.684629854484
2021-02-14,47489.21607942016
2021-02-15,46885.86229383475
2021-02-16,46461.99181209224
2021-02-17,50655.59932395678
2021-02-18,54591.33623661598
2021-02-19,69269.0205756447
2021-02-20,62445.24412666685
2021-02-21,67359.95831058855
2021-02-22,68529.40458590949
2021-02-23,63600.42084580233
2021-02-24,67935.60926344899
2021-02-25,60967.60786250379
2021-02-26,59198.01660414853
2021-02-27,59086.67256976324
2021-02-28,57271.51058987996
2021-03-01,65326.647468890274
2021-03-02,61970.770939942595
2021-03-03,63626.49432967703
2021-03-04,60834.130617486306
2021-03-05,59971.73072327929
2021-03-06,61872.15546648784
2021-03-07,65101.44852857833
2021-03-08,66335.72769167565
2021-03-09,72605.16742466424
2021-03-10,70504.21113510666
2021-03-11,74410.75844067935
2021-03-12,70198.19004298685
2021-03-13,74734.56485172952
2021-03-14,71423.9411631313
2021-03-15,68912.20097190999
2021-03-16,69066.63325727444
2021-03-17,71317.69276982234
2021-03-18,69924.21194700517
2021-03-19,70402.10864305963
2021-03-20,70528.89095586626
2021-03-21,70282.30357063739
2021-03-22,68184.29436040996
2021-03-23,67440.71862174218
2021-03-24,64814.35209436864
2021-03-25,62853.86276244015
2021-03-26,68710.42857363315
2021-03-27,72009.00968993932
2021-03-28,73429.82037245862
2021-03-29,76823.2386854442
2021-03-30,80075.22018183398
2021-03-31,80691.0352508118
2021-04-01,83003.4362755184
2021-04-02,85816.66003243017
2021-04-03,85817.97962174927
2021-04-04,89977.58608566954
2021-04-05,91154.89976681922
2021-04-06,95022.93987223746
2021-04-07,92284.22256372501
2021-04-08,97533.18739052165
2021-04-09,100070.67556307062
2021-04-10,101792.10695139365
2021-04-11,106050.94763471557
2021-04-12,110045.30748609356
2021-04-13,110701.11006252932
2021-04-14,110904.92206592692
2021-04-15,112954.91169465272
2021-04-16,106838.33685642833
2021-04-17,104963.86800708866
2021-04-18,108558.97452367826
2021-04-19,107952.51854098937
2021-04-20,115053.08945961829
2021-04-21,112717.96437265837
2021-04-22,115612.06309965203
2021-04-23,115023.18198628306
2021-04-24,113586.68440432298
2021-04-25,119426.82830498874
2021-04-26,124730.42085511058
2021-04-27,128387.00005283685
2021-04-28,130194.40948707059
2021-04-29,129962.27140192747
2021-04-30,134129.06375703518
2021-05-01,141527.7120237647
2021-05-02,138963.39303272183
2021-05-03,147305.56818467705
2021-05-04,136418.84512455398
2021-05-05,146352.6365061336
2021-05-06,143161.48196339415
2021-05-07,142836.03257188931
2021-05-08,151476.8556876619
2021-05-09,151062.0941659443
2021-05-10,146694.83421682584
2021-05-11,153183.5861992885
2021-05-12,140096.9233826461
2021-05-13,135641.71619084233
2021-05-14,142250.0185819445
2021-05-15,134656.73657342824
2021-05-16,136480.50757511714
2021-05-17,128238.02988220652
2021-05-18,134734.98128487906
2021-05-19,96440.95669990334
2021-05-20,112780.3810518778
2021-05-21,98879.15320649589
2021-05-22,90744.00635128979
2021-05-23,79276.47183795649
2021-05-24,98876.37067705544
2021-05-25,97793.6024694134
2021-05-26,107018.39373516462
2021-05-27,103268.99240660215
2021-05-28,91747.32131036518
2021-05-29,86872.99949627511
2021-05-30,90958.63148447456
2021-05-31,100288.32808568142
2021-06-01,98503.47912796045
2021-06-02,104853.7424147392
2021-06-03,113570.71239392139
2021-06-04,106028.12490761382
2021-06-05,106059.41986773489
2021-06-06,109089.09989439261
2021-06-07,101131.33597643406
2021-06-08,101779.1275194208
2021-06-09,108027.1006284836
2021-06-10,103780.62763514556
2021-06-11,99436.13200137425
2021-06-12,98495.54024826708
2021-06-13,105430.61236546871
2021-06-14,108180.45834381918
2021-06-15,107163.13145579169
2021-06-16,102837.23113076654
2021-06-17,102841.34382644635
2021-06-18,97055.03503737421
2021-06-19,94772.57127708448
2021-06-20,96117.56982958766
2021-06-21,78840.72707431014
2021-06-22,78979.78375385098
2021-06-23,86036.86288025252
2021-06-24,88009.7897305566
2021-06-25,80308.21041570624
2021-06-26,81641.76782583688
2021-06-27,87202.61794295059
2021-06-28,88886.08993658026
2021-06-29,92140.76722610478
2021-06-30,94026.63732131367
2021-07-01,88502.78540425957
2021-07-02,89654.95046208397
2021-07-03,92182.28393693363
2021-07-04,94170.9581426322
2021-07-05,90456.28625263285
2021-07-06,94354.86045441139
2021-07-07,96294.04748460915
2021-07-08,89917.25712118622
2021-07-09,91506.81711081364
2021-07-10,89724.5505330692
2021-07-11,91321.74646136104
2021-07-12,87949.51861818568
2021-07-13,85055.83494215322
2021-07-14,87369.44333330086
2021-07-15,84431.63141365992
2021-07-16,81062.58933040075
2021-07-17,81654.23794312868
2021-07-18,81745.28594903075
2021-07-19,77237.30942825187
2021-07-20,74309.57773903124
2021-07-21,82534.16889346011
2021-07-22,83705.70234248257
2021-07-23,86647.48610832916
2021-07-24,87908.06598001931
2021-07-25,88469.36071452378
2021-07-26,90071.83569304482
2021-07-27,92773.64550770576
2021-07-28,92953.53704749339
2021-07-29,96820.43336135407
2021-07-30,100237.2886629655
2021-07-31,104661.55487837747
2021-08-01,102076.24580124866
2021-08-02,101239.12793561512
2021-08-03,99851.14269991979
2021-08-04,105074.73823131515
2021-08-05,108230.08855471015
2021-08-06,112087.73258724889
2021-08-07,116916.25822999349
2021-08-08,112504.93080707091
2021-08-09,117247.72420715247
2021-08-10,119617.61543819298
2021-08-11,122001.18459481886
2021-08-12,119356.78466176595
2021-08-13,128998.28419514734
2021-08-14,127270.04322437501
2021-08-15,134822.57178453173
2021-08-16,137895.07283003762
2021-08-17,135529.74529898242
2021-08-18,139604.73337560028
2021-08-19,146315.14482948076
2021-08-20,154438.1537983618
2021-08-21,150422.206157769
2021-08-22,150385.8225842464
2021-08-23,157236.21869937197
2021-08-24,149201.29074006507
2021-08-25,154141.24603716237
2021-08-26,150525.79174003258
2021-08-27,162357.67988499574
2021-08-28,164974.31166788356
2021-08-29,163195.29518261369
2021-08-30,167066.34214650825
2021-08-31,169328.5497726908
2021-09-01,179054.5034853932
2021-09-02,185537.41687598862
2021-09-03,195144.94651806666
2021-09-04,192824.81420121924
2021-09-05,197177.2404300234
2021-09-06,204611.55975479225
2021-09-07,187463.51036403675
2021-09-08,191857.48118276714
2021-09-09,191148.10357918308
2021-09-10,182174.70805424824
2021-09-11,183608.4438776596
2021-09-12,186449.76093548682
2021-09-13,180525.03417484087
2021-09-14,183635.8096923773
2021-09-15,188872.88984276043
2021-09-16,185201.82729171737
2021-09-17,179231.45387527623
2021-09-18,187666.23718151788
2021-09-19,180380.2882573271
2021-09-20,160774.0284564082
2021-09-21,151046.94319355692
2021-09-22,168900.75415753474
2021-09-23,172260.0951433008
2021-09-24,160931.08985574803
2021-09-25,159206.4102376297
2021-09-26,160778.30664958508
2021-09-27,157294.00459447826
2021-09-28,153136.31518838782
2021-09-29,159094.97441274193
2021-09-30,167334.5878998488
2021-10-01,185413.2819818544
2021-10-02,188760.3608909669
2021-10-03,191230.38551450425
2021-10-04,189724.2469119755
2021-10-05,194741.32489966694
2021-10-06,195229.86446324972
2021-10-07,194579.53289346708
2021-10-08,193709.35523375793
2021-10-09,194460.44190671406
2021-10-10,187088.52313116682
2021-10-11,191407.66088545235
2021-10-12,195593.70262301996
2021-10-13,199968.32888911964
2021-10-14,203363.6840814828
2021-10-15,212899.31483581732
2021-10-16,208859.1916402369
2021-10-17,211076.15481259953
2021-10-18,210671.60496856453
2021-10-19,214356.042670488
2021-10-20,228370.49709615056
2021-10-21,224581.92412939417
2021-10-22,224812.1638446495
2021-10-23,229269.45416692548
2021-10-24,227824.07332598674
2021-10-25,235077.393725422
2021-10-26,227669.49752293047
2021-10-27,215101.43151688317
2021-10-28,230446.61516165792
2021-10-29,239796.8713463389
2021-10-30,236476.70378830872
2021-10-31,237094.13571386304
2021-11-01,240593.2777169723
2021-11-02,251968.85258394346
2021-11-03,259854.67263542875
2021-11-04,257180.4816496593
2021-11-05,258604.7891396981
2021-11-06,269168.74509572075
2021-11-07,271526.1350742928
2021-11-08,278984.9980638136
2021-11-09,272725.6870106299
2021-11-10,265189.2915213966
2021-11-11,267994.4167842591
2021-11-12,264996.0497776687
2021-11-13,271151.2350489756
2021-11-14,271399.0528495757
2021-11-15,266601.3969925514
2021-11-16,247609.74172402258
2021-11-17,247898.68306494234
2021-11-18,228420.10340336568
2021-11-19,245050.733377157
2021-11-20,251606.55128200992
2021-11-21,249879.18271792083
2021-11-22,238134.66906378834
2021-11-23,248283.4308502217
2021-11-24,242269.69056331544
2021-11-25,254090.00948485648
2021-11-26,231203.42406851315
2021-11-27,234383.17558168017
2021-11-28,243502.60640779784
2021-11-29,248394.39682258683
2021-11-30,251363.2495882969
2021-12-01,257896.33439322576
2021-12-02,256376.05217792024
2021-12-03,240313.4842185118
2021-12-04,228141.4711843593
2021-12-05,227232.99879976708
2021-12-06,232676.36955521101
2021-12-07,230410.75772447643
2021-12-08,236197.89879464835
2021-12-09,220671.84247515252
2021-12-10,211509.52989362646
2021-12-11,219291.46834177672
2021-12-12,221343.38241849403
2021-12-13,202558.57884619545
2021-12-14,208033.2298105639
2021-12-15,217598.8677621308
2021-12-16,213397.58170881955
2021-12-17,210123.49255547416
2021-12-18,215085.49579197282
2021-12-19,213172.19971416096
2021-12-20,211348.31165881906
2021-12-21,216677.8689236969
2021-12-22,216048.6297047353
2021-12-23,225420.65141258045
2021-12-24,223897.73464243923
2021-12-25,225458.1948472807
2021-12-26,226719.92797480721
2021-12-27,227451.4059937334
2021-12-28,212158.15348200922
2021-12-29,204723.95837599717
2021-12-30,207526.52173018514
2021-12-31,204597.84740226003
2022-01-01,211826.31570491826
2022-01-02,211794.2918216496
2022-01-03,206224.75535875495
2022-01-04,204566.3523815526
2022-01-05,191272.2219735349
2022-01-06,187589.42709327824
2022-01-07,176340.59349811662
2022-01-08,174878.49667264655
2022-01-09,176569.14842916036
2022-01-10,172590.86212699523
2022-01-11,181054.86969728462
2022-01-12,190149.8656024184
2022-01-13,183941.10781377123
2022-01-14,186870.88122604982
2022-01-15,188059.15805312715
2022-01-16,188838.03633306338
2022-01-17,181123.7493182613
2022-01-18,180680.22722620604
2022-01-19,176038.23692658576
2022-01-20,169249.703656687
2022-01-21,148257.94655375896
2022-01-22,136284.7594533365
2022-01-23,143538.6356981272
2022-01-24,138540.0028682466
2022-01-25,141418.5309596399
2022-01-26,139465.46615491775
2022-01-27,139637.1407766958
2022-01-28,142254.1279198259
2022-01-29,145645.7304684398
2022-01-30,143169.8271471847
2022-01-31,146999.21968621947
2022-02-01,153450.03262783107
2022-02-02,145634.85804140547
2022-02-03,146742.04633268935
2022-02-04,161601.165547827
2022-02-05,163494.50989378648
2022-02-06,166217.28675708105
2022-02-07,170965.27981586143
2022-02-08,166824.32777241035
2022-02-09,170560.10893584738
2022-02-10,163732.37343220427
2022-02-11,155578.05307876357
2022-02-12,155440.31837496092
2022-02-13,152845.20997708355
2022-02-14,156040.37911818465
2022-02-15,167770.0351899553
2022-02-16,164381.89880203427
2022-02-17,152444.2280392572
2022-02-18,148659.3544982866
2022-02-19,149183.80610532442
2022-02-20,143681.72266291993
2022-02-21,136314.566631648
2022-02-22,141442.35103897896
2022-02-23,138222.05440834558
2022-02-24,140974.91724448834
2022-02-25,146801.7420197485
2022-02-26,145742.45993406035
2022-02-27,139105.91907685774
2022-02-28,157320.15518786284
2022-03-01,160115.04994381996
2022-03-02,160126.963865813
2022-03-03,154608.31447548512
2022-03-04,143031.64225345472
2022-03-05,145380.1667792298
2022-03-06,139957.75519898158
2022-03-07,138056.9480487085
2022-03-08,140258.75927565998
2022-03-09,148751.32684135632
2022-03-10,140680.17118390213
2022-03-11,138446.8404117846
2022-03-12,139029.15023676705
2022-03-13,135229.00107042823
2022-03-14,140106.99542246223
2022-03-15,140683.98893908245
2022-03-16,147812.29916242973
2022-03-17,148770.0299691395
2022-03-18,152572.80900706397
2022-03-19,154458.15939920998
2022-03-20,150005.9978046314
2022-03-21,150631.61201698123
2022-03-22,154491.19399441863
2022-03-23,158123.63883010385
2022-03-24,163775.8344155639
2022-03-25,162087.6939669328
2022-03-26,164658.25070286807
2022-03-27,172376.389391587
2022-03-28,172585.324649437
2022-03-29,176542.67991532944
2022-03-30,180451.12267494775
2022-03-31,176949.8875634171
2022-04-01,186215.9514714163
2022-04-02,183792.1903450464
2022-04-03,188349.57170252886
2022-04-04,186563.09562195372
2022-04-05,181825.43027134327
2022-04-06,168816.66434035506
2022-04-07,173529.5208121648
2022-04-08,167294.1547944121
2022-04-09,170320.79113553767
2022-04-10,167441.62737252234
2022-04-11,155264.2340914785
2022-04-12,159674.64826869045
2022-04-13,163549.13875719736
2022-04-14,158623.77488475072
2022-04-15,159933.87239880027
2022-04-16,160305.54014391266
2022-04-17,156899.35359898923
2022-04-18,160733.43801987122
2022-04-19,164979.7508364702
2022-04-20,163012.62828481762
2022-04-21,158136.90490069764
2022-04-22,156791.52490369655
2022-04-23,155639.86793492985
2022-04-24,154724.2434777237
2022-04-25,158034.51659091032
2022-04-26,149317.972248717
2022-04-27,153031.3598176446
2022-04-28,155658.4545944898
2022-04-29,149905.79175153957
2022-04-30,142527.41428257985
2022-05-01,147938.76035533135
2022-05-02,147471.82329007454
2022-05-03,144522.86370394833
2022-05-04,153133.01209783283
2022-05-05,141893.16584705483
2022-05-06,139532.01892051665
2022-05-07,135806.9132977675
2022-05-08,130554.70170795145
2022-05-09,111775.83139183144
2022-05-10,118374.55572250584
2022-05-11,101808.87033994331
2022-05-12,96856.23776087177
2022-05-13,101947.86892684386
2022-05-14,105618.41325279306
2022-05-15,112450.46497485139
2022-05-16,105774.80462561783
2022-05-17,109545.144309998
2022-05-18,100629.08831684686
2022-05-19,106246.33680562123
2022-05-20,102638.08620283158
2022-05-21,104384.8585816664
2022-05-22,107747.58937952302
2022-05-23,103888.4508247874
2022-05-24,105628.22068212616
2022-05-25,103929.80439418711
2022-05-26,97349.08156995308
2022-05-27,94606.40455227818
2022-05-28,98059.57801616784
2022-05-29,98990.28987183982
2022-05-30,105946.94324014883
2022-05-31,104361.5573892913
2022-06-01,96166.19412236371
2022-06-02,97977.01033296608
2022-06-03,94272.73405344588
2022-06-04,95450.27493181881
2022-06-05,95048.24618873264
2022-06-06,98977.73802436929
2022-06-07,95963.13900557303
2022-06-08,94528.10399680518
2022-06-09,95215.81275405503
2022-06-10,90786.2293899065
2022-06-11,85205.13265071342
2022-06-12,79180.07481492183
2022-06-13,69260.93299291482
2022-06-14,69576.8703223091
2022-06-15,74206.10158513824
2022-06-16,65544.87603636796
2022-06-17,66639.41084833628
2022-06-18,63272.245268930914
2022-06-19,69254.80292901468
2022-06-20,69894.66565734983
2022-06-21,70860.38834884351
2022-06-22,67463.61566391609
2022-06-23,73061.34402008315
2022-06-24,77154.89099786368
2022-06-25,77760.68036613712
2022-06-26,74879.91903905237
2022-06-27,74112.98175968348
2022-06-28,70876.42811644265
2022-06-29,68845.26229368715
2022-06-30,68079.40728363073
2022-07-01,66661.74110280017
2022-07-02,67124.35190909982
2022-07-03,67377.57892587651
2022-07-04,72003.96290288138
2022-07-05,70963.68147808981
2022-07-06,73573.93399446156
2022-07-07,76232.77882146098
2022-07-08,75621.24569206513
2022-07-09,75839.54999989034
2022-07-10,73098.3300265745
2022-07-11,68839.07515042399
2022-07-12,66621.7231134025
2022-07-13,70527.31634716426
2022-07-14,73803.01670915716
2022-07-15,74708.33356782005
2022-07-16,78920.92956049777
2022-07-17,77664.15499702854
2022-07-18,86446.25139204755
2022-07-19,87884.37136843249
2022-07-20,85189.71435380219
2022-07-21,87030.95971080748
2022-07-22,84477.61532618776
2022-07-23,83889.82247042713
2022-07-24,85355.6618291788
2022-07-25,78458.08675560197
2022-07-26,78690.57411951189
2022-07-27,86706.51371655318
2022-07-28,90614.96954188505
2022-07-29,91324.26147948336
2022-07-30,91472.27862108136
2022-07-31,89752.31646464317
2022-08-01,88701.55665878028
2022-08-02,87499.74089515943
2022-08-03,87536.28915982193
2022-08-04,88427.53076398865
2022-08-05,92142.65650806906
2022-08-06,90852.08325010737
2022-08-07,92046.86106738505
2022-08-08,94763.52760771275
2022-08-09,92040.84426868126
2022-08-10,96411.13055093834
2022-08-11,96526.56991187285
2022-08-12,99851.68263052436
2022-08-13,100553.04790178429
2022-08-14,98349.06484722008
2022-08-15,97192.59121083841
2022-08-16,96049.74610772236
2022-08-17,92876.85683559699
2022-08-18,91629.88725738451
2022-08-19,82746.29884767186
2022-08-20,82660.7029262392
2022-08-21,85602.45219184384
2022-08-22,84816.96095823904
2022-08-23,85589.12267912831
2022-08-24,84634.27675983928
2022-08-25,85888.8427053393
2022-08-26,78507.2276251742
2022-08-27,77850.26319941413
2022-08-28,75771.93373140482
2022-08-29,80015.48556204882
2022-08-30,78310.21095322158
2022-08-31,78776.50683140237
2022-09-01,79268.06656721327
2022-09-02,78661.01844923967
2022-09-03,78271.45267095894
2022-09-04,79457.2653620109
2022-09-05,79595.46986107963
2022-09-06,76022.24259706054
2022-09-07,79697.02854961996
2022-09-08,80465.51351194421
2022-09-09,85168.80099410795
2022-09-10,86609.27294193381
2022-09-11,86563.18507150003
2022-09-12,87945.07067692914
2022-09-13,80089.12870869269
2022-09-14,81772.33997243598
2022-09-15,77945.81405137475
2022-09-16,77322.04468398735
2022-09-17,79248.32278741313
2022-09-18,74316.19913854418
2022-09-19,76315.04147133828
2022-09-20,73832.33444911861
2022-09-21,71745.36723769049
2022-09-22,75629.88551231498
2022-09-23,76345.54270295516
2022-09-24,75517.08009894125
2022-09-25,74486.60972166939
2022-09-26,76509.34291313334
2022-09-27,75309.6824327517
2022-09-28,76717.3852127862
2022-09-29,77452.59674306962
2022-09-30,76844.126318363
2022-10-01,75892.74212178723
2022-10-02,75034.26903678688
2022-10-03,76909.49261558213
2022-10-04,79486.54382746985
2022-10-05,79012.18445881775
2022-10-06,77938.50530626565
2022-10-07,76675.10489686142
2022-10-08,75706.99798091316
2022-10-09,76158.36465398649
2022-10-10,74367.46017231813
2022-10-11,73473.00561820064
2022-10-12,73951.54320472591
2022-10-13,73708.61700297525
2022-10-14,73206.28530310793
2022-10-15,72470.57817662453
2022-10-16,73741.07223285336
2022-10-17,75220.09729274407
2022-10-18,73904.65410926673
2022-10-19,72484.05745067548
2022-10-20,71637.20227844384
2022-10-21,72123.04375887966
2022-10-22,72315.208485702
2022-10-23,74550.18206848031
2022-10-24,73287.5766503072
2022-10-25,77914.89968021505
2022-10-26,80687.622261467
2022-10-27,78853.47050869782
2022-10-28,81397.82804047606
2022-10-29,83417.50904369848
2022-10-30,83527.93888677031
2022-10-31,83728.1948132355
2022-11-01,83450.86708111562
2022-11-02,81172.6831067316
2022-11-03,82020.74026475397
2022-11-04,87981.94255881807
2022-11-05,89625.87909315864
2022-11-06,85079.37897345875
2022-11-07,82744.07301578578
2022-11-08,73363.93108097323
2022-11-09,56464.78939746552
2022-11-10,65996.10938562115
2022-11-11,63502.954120374416
2022-11-12,60648.188842417345
2022-11-13,57983.01396866197
2022-11-14,59536.900914961945
2022-11-15,60141.29299430598
2022-11-16,59150.361548438195
2022-11-17,58130.75084999767
2022-11-18,58216.46718236517
2022-11-19,57726.5037041925
2022-11-20,55383.481060740196
2022-11-21,53500.152472863294
2022-11-22,55631.45654145452
2022-11-23,60322.57842306888
2022-11-24,60875.57217139213
2022-11-25,60195.41831258866
2022-11-26,60897.048263437864
2022-11-27,60481.99170662022
2022-11-28,58402.838698223226
2022-11-29,59335.21706414278
2022-11-30,62109.481761168696
2022-12-01,60582.9544516618
2022-12-02,61194.6778428373
2022-12-03,59733.42590693869
2022-12-04,60940.64575107179
2022-12-05,60523.094333343615
2022-12-06,61395.49040750839
2022-12-07,59497.48989967327
2022-12-08,60976.79892564271
2022-12-09,60346.52947053125
2022-12-10,60489.3551977459
2022-12-11,60034.43426871472
2022-12-12,59730.24565772013
2022-12-13,61190.40960432012
2022-12-14,61061.82818741647
2022-12-15,59607.15769259041
2022-12-16,54323.1058193528
2022-12-17,55606.150891547266
2022-12-18,55892.97871982758
2022-12-19,54376.362493049724
2022-12-20,56312.15419431464
2022-12-21,55787.54241352931
2022-12-22,55439.72669577091
2022-12-23,55405.957108565744
2022-12-24,54974.62012931686
2022-12-25,54792.852831872275
2022-12-26,54961.538388633366
2022-12-27,54459.06560591772
2022-12-28,52334.76412859005
2022-12-29,52452.01690116858
2022-12-30,52753.11640451814
2022-12-31,52779.09034538102
2023-01-01,52809.51806800223
2023-01-02,54752.37859507226
2023-01-03,57346.898860372996
2023-01-04,58807.42905992823
2023-01-05,58600.14573835357
2023-01-06,59172.11218704955
2023-01-07,58748.21121260893
2023-01-08,61489.04279433587
2023-01-09,63680.7632860857
2023-01-10,64321.39769326475
2023-01-11,66037.822535683
2023-01-12,67584.45047954423
2023-01-13,71060.44828892066
2023-01-14,79651.08159879367
2023-01-15,78307.1957134368
2023-01-16,79292.61435015622
2023-01-17,78523.34788212196
2023-01-18,74809.38616989524
2023-01-19,76720.6981822668
2023-01-20,83868.81075915483
2023-01-21,82381.83533159598
2023-01-22,82297.06784240477
2023-01-23,82716.07531042944
2023-01-24,79923.31035871549
2023-01-25,82985.26600950188
2023-01-26,82490.00242891577
2023-01-27,82811.2351975156
2023-01-28,81942.16365879554
2023-01-29,86038.5801874396
2023-01-30,81762.68453825673
2023-01-31,82565.34805123984
2023-02-01,85104.0717612043
2023-02-02,84761.79360181282
2023-02-03,85865.69300887847
2023-02-04,85385.73410290097
2023-02-05,83615.68460516098
2023-02-06,82326.71610598406
2023-02-07,85088.03473497726
2023-02-08,83729.39750825522
2023-02-09,77459.99308465834
2023-02-10,76528.14209041238
2023-02-11,78013.6943614824
2023-02-12,78418.56142502862
2023-02-13,76481.32324128906
2023-02-14,78604.84284966133
2023-02-15,85215.06445482666
2023-02-16,81718.22787266725
2023-02-17,84735.11109376613
2023-02-18,85281.08264675729
2023-02-19,85746.6628771677
2023-02-20,88044.46377749942
2023-02-21,85791.53206633758
2023-02-22,84697.89516349068
2023-02-23,84084.2130593215
2023-02-24,81729.53736379142
2023-02-25,80923.45516798746
2023-02-26,83081.80686341412
2023-02-27,82141.29534758802
2023-02-28,80549.08662082358
2023-03-01,82382.98588098484
2023-03-02,81361.68587945787
2023-03-03,78256.79350368354
2023-03-04,77760.31194913562
2023-03-05,77736.74152708719
2023-03-06,77359.17248726635
2023-03-07,76872.82359113864
2023-03-08,74190.07486633476
2023-03-09,70157.60159067537
2023-03-10,70711.76774132453
2023-03-11,71357.12089391654
2023-03-12,76899.48436646051
2023-03-13,81393.5441345514
2023-03-14,82670.93483393936
2023-03-15,80001.52837430337
2023-03-16,82832.2978764991
2023-03-17,88875.9370114342
2023-03-18,87173.15383577635
2023-03-19,89360.41705597195
2023-03-20,88552.39242907315
2023-03-21,90263.8337242205
2023-03-22,86730.34331510158
2023-03-23,89864.31109846686
2023-03-24,86382.57283231246
2023-03-25,86053.11443831543
2023-03-26,87816.3737214682
2023-03-27,84146.05989635689
2023-03-28,85706.8324658698
2023-03-29,87519.53020993316
2023-03-30,86897.07497603974
2023-03-31,88252.88580715818
2023-04-01,88011.59538194165
2023-04-02,86808.46360689688
2023-04-03,86302.47250402055
2023-04-04,87935.06671434594
2023-04-05,88660.82631091325
2023-04-06,87649.42682228729
2023-04-07,87116.46820688869
2023-04-08,86555.19395780924
2023-04-09,87391.3242109254
2023-04-10,90062.54117104287
2023-04-11,92771.84086334486
2023-04-12,93524.71611641019
2023-04-13,96028.29287959753
2023-04-14,97737.32185800928
2023-04-15,97142.20656962345
2023-04-16,99850.64610855283
2023-04-17,97302.59204795584
2023-04-18,98892.91196038481
2023-04-19,91966.18369418822
2023-04-20,90860.91099071274
2023-04-21,88220.12034404997
2023-04-22,90286.83940877346
2023-04-23,89523.4012694665
2023-04-24,89156.47625626884
2023-04-25,91147.93077947856
2023-04-26,90038.39126233969
2023-04-27,92521.91333131348
2023-04-28,92751.39520987675
2023-04-29,92587.4456673144
2023-04-30,92804.69142990901
2023-05-01,89977.28516908556
2023-05-02,90760.6379681145
2023-05-03,91768.10966395521
2023-05-04,90618.1151485382
2023-05-05,93859.57375587233
2023-05-06,90928.9273035581
2023-05-07,89965.69217188578
2023-05-08,87504.35946417775
2023-05-09,87373.32309244924
2023-05-10,87711.79193322406
2023-05-11,85406.3113062868
2023-05-12,86267.54169436885
2023-05-13,86196.30277224988
2023-05-14,86550.23885157719
2023-05-15,87103.27488695807
2023-05-16,86625.51004745295
2023-05-17,87508.80931215541
2023-05-18,85687.52521736847
2023-05-19,85867.90480421147
2023-05-20,86163.2244833468
2023-05-21,84706.62867018113
2023-05-22,85026.24229084903
2023-05-23,86591.5807268052
2023-05-24,83867.96662607587
2023-05-25,83979.72502907197
2023-05-26,84689.47988494553
2023-05-27,86054.53671287771
2023-05-28,88819.39093770686
2023-05-29,87939.97707036896
2023-05-30,88719.22149405483
2023-05-31,87223.0273516435
2023-06-01,86300.28357427836
2023-06-02,88135.76973624616
2023-06-03,87711.01252386144
2023-06-04,88262.01270827137
2023-06-05,82331.64625733547
2023-06-06,85086.7501252676
2023-06-07,80325.46496477671
2023-06-08,81073.40440775672
2023-06-09,79284.85966348811
2023-06-10,74153.65336505535
2023-06-11,73899.62978304467
2023-06-12,73028.21825377237
2023-06-13,73860.97036253668
2023-06-14,71177.20877401157
2023-06-15,71926.69252618571
2023-06-16,73878.79781154651
2023-06-17,74904.61998919249
2023-06-18,74447.67242492407
2023-06-19,75685.61666843807
2023-06-20,78307.7171338756
2023-06-21,81315.71117003009
2023-06-22,79684.46389036937
2023-06-23,81340.40365726859
2023-06-24,79804.55779093869
2023-06-25,80602.13038705206
2023-06-26,79003.03756719816
2023-06-27,80159.35519837789
2023-06-28,77727.37853754843
2023-06-29,80889.70258128944
2023-06-30,83401.89094168427
2023-07-01,83862.2149535411
2023-07-02,84747.42071055809
2023-07-03,85111.04822666786
2023-07-04,84145.58264215053
2023-07-05,83230.65298175113
2023-07-06,82200.31029836496
2023-07-07,85066.03327465971
2023-07-08,85329.30294015075
2023-07-09,84536.23224964019
2023-07-10,85984.22828247506
2023-07-11,87095.66724270477
2023-07-12,86308.4921454364
2023-07-13,93682.77048330053
2023-07-14,91916.10078684229
2023-07-15,92781.45092710292
2023-07-16,91779.01845330311
2023-07-17,91229.09147524548
2023-07-18,89414.42864906447
2023-07-19,90080.59929873276
2023-07-20,89424.67203993238
2023-07-21,89691.20946350944
2023-07-22,88210.65150765465
2023-07-23,89031.42756231125
2023-07-24,86323.8123747588
2023-07-25,86251.18894710367
2023-07-26,88386.9524022269
2023-07-27,88249.6412252436
2023-07-28,88344.73452546721
2023-07-29,88804.92610987993
2023-07-30,87727.86073751602
2023-07-31,87018.76629589427
2023-08-01,88472.6002215815
2023-08-02,86236.34765194084
2023-08-03,85764.24735478559
2023-08-04,85835.93010515663
2023-08-05,85870.35391372287
2023-08-06,86331.19579048373
2023-08-07,86236.23360024538
2023-08-08,88271.45385145803
2023-08-09,88140.26653930523
2023-08-10,88021.06659302746
2023-08-11,87791.72917537089
2023-08-12,88121.22077419133
2023-08-13,87306.53754949338
2023-08-14,88331.7033728063
2023-08-15,86498.31215841952
2023-08-16,84493.76080866758
2023-08-17,79129.22766903593
2023-08-18,77998.34851125756
2023-08-19,78702.47470842788
2023-08-20,78809.7632472504
2023-08-21,77484.50746561408
2023-08-22,76542.34908453384
2023-08-23,78927.18210899502
2023-08-24,78123.26741519869
2023-08-25,77300.14310466936
2023-08-26,76898.38100945872
2023-08-27,77734.98484296729
2023-08-28,77507.63090995507
2023-08-29,81463.25408593978
2023-08-30,79687.61150505094
2023-08-31,76335.53331564281
2023-09-01,75382.15657732895
2023-09-02,75748.20446179426
2023-09-03,75876.8644210246
2023-09-04,75731.3274034607
2023-09-05,76417.16449938471
2023-09-06,75846.93670022115
2023-09-07,76822.77663918116
2023-09-08,75923.58119722284
2023-09-09,75689.03955072394
2023-09-10,74117.28137259198
2023-09-11,71801.32763013864
2023-09-12,73363.5718705136
2023-09-13,74451.27263566444
2023-09-14,75311.90661958636
2023-09-15,75996.55850319039
2023-09-16,75939.13468112765
2023-09-17,75611.22721155733
2023-09-18,76734.32673408651
2023-09-19,77618.5084842776
2023-09-20,77313.08834435693
2023-09-21,75344.48689954149
2023-09-22,75459.49790108633
2023-09-23,75470.40388696919
2023-09-24,74759.13340360066
2023-09-25,75061.93184144614
2023-09-26,74962.70824919528
2023-09-27,75180.72921238843
2023-09-28,77353.01185072938
2023-09-29,77768.30639775649
2023-09-30,78839.34785753423
2023-10-01,82970.68589508659
2023-10-02,80970.80841782984
2023-10-03,80948.95281466712
2023-10-04,80670.45179597086
2023-10-05,79337.48916657585
2023-10-06,81007.39177743034
2023-10-07,80685.30438716721
2023-10-08,80492.93392857423
2023-10-09,78103.9782988978
2023-10-10,78082.46490192863
2023-10-11,77430.8047972084
2023-10-12,76227.9754420615
2023-10-13,77050.63563388074
2023-10-14,77256.8127568544
2023-10-15,77746.79284351312
2023-10-16,81474.88697252594
2023-10-17,80640.98878476504
2023-10-18,80022.77351380649
2023-10-19,81725.985560384
2023-10-20,84700.62421348147
2023-10-21,87206.80568569405
2023-10-22,87897.93410630318
2023-10-23,94717.07518489513
2023-10-24,93977.37903463142
2023-10-25,95847.32272636206
2023-10-26,96188.14111703886
2023-10-27,95019.36147209554
2023-10-28,95203.83355879092
2023-10-29,96818.93576482817
2023-10-30,98622.06350599999
2023-10-31,101063.7384189246
2023-11-01,104083.16539670217
2023-11-02,102954.89008718416
2023-11-03,102557.65820875764
2023-11-04,105824.33742718631
2023-11-05,106286.0804198555
2023-11-06,108302.79820589078
2023-11-07,107902.08535269866
2023-11-08,108295.23673262302
2023-11-09,114350.74255300527
2023-11-10,121345.99541481677
2023-11-11,120731.73801185541
2023-11-12,120029.19230281771
2023-11-13,116414.6924830925
2023-11-14,117718.00150827327
2023-11-15,126653.74958885256
2023-11-16,118683.52774216165
2023-11-17,119672.1315359085
2023-11-18,119675.20027977995
2023-11-19,122561.24447017582
2023-11-20,121346.89504361108
2023-11-21,112690.84026589894
2023-11-22,120450.1213850486
2023-11-23,119500.9126780048
2023-11-24,120151.30689496384
2023-11-25,121492.09538662797
2023-11-26,119926.17180290165
2023-11-27,117366.45085273622
2023-11-28,120091.68645161384
2023-11-29,120119.09897285563
2023-11-30,120392.66160531435
2023-12-01,122022.35692685649
2023-12-02,125823.57974481425
2023-12-03,126190.01735177754
2023-12-04,128584.31890767475
2023-12-05,130259.4820772996
2023-12-06,129353.03829972417
2023-12-07,134303.93031257193
2023-12-08,139521.354555776
2023-12-09,137486.6114222953
2023-12-10,139246.5065979057
2023-12-11,134156.9642096946
2023-12-12,134353.18853448698
2023-12-13,136977.92439537958
2023-12-14,140566.38807714847
2023-12-15,135606.1061750229
2023-12-16,136504.77778237002
2023-12-17,133177.66074577943
2023-12-18,136629.58765472096
2023-12-19,136615.90782069284
2023-12-20,143430.0636066623
2023-12-21,150896.22008788146
2023-12-22,153912.51276666168
2023-12-23,157316.7810887075
2023-12-24,156647.70284101096
2023-12-25,160608.15646098583
2023-12-26,160746.7766401085
2023-12-27,165843.25553075562
2023-12-28,162247.57314005555
2023-12-29,161618.5163236913
2023-12-30,160369.70354208822
2023-12-31,159593.49158598355
2024-01-01,166039.38647514762
2024-01-02,165445.49122988817
2024-01-03,158249.57850288678
2024-01-04,164038.591318873
2024-01-05,161334.96767953105
2024-01-06,156915.22500223498
2024-01-07,154079.1448955618
2024-01-08,162419.9823008396
2024-01-09,162200.28618068804
2024-01-10,168541.99060959095
2024-01-11,168269.14782143757
2024-01-12,158647.0873843818
2024-01-13,161937.34035155637
2024-01-14,158006.09845690973
2024-01-15,161970.40898953113
2024-01-16,164887.9077177614
2024-01-17,164768.32955924276
2024-01-18,159779.38620338158
2024-01-19,160329.29700863367
2024-01-20,160044.97357269377
2024-01-21,159097.2913036687
2024-01-22,150108.76951684747
2024-01-23,148617.54592991224
2024-01-24,149904.5150783506
2024-01-25,148601.02711918956
2024-01-26,154733.59546944793
2024-01-27,156286.45498130383
2024-01-28,156679.333943545
2024-01-29,161936.9032935312
2024-01-30,161527.29208253606
2024-01-31,157455.56455871306
2024-02-01,158590.77951433003
2024-02-02,160062.06714046912
2024-02-03,158401.18503491898
2024-02-04,157553.5674851181
2024-02-05,157494.73759585267
2024-02-06,159763.98258707576
2024-02-07,164169.35412118715
2024-02-08,167191.1791882067
2024-02-09,172379.51379136095
2024-02-10,173883.11526426382
2024-02-11,173576.3478858502
2024-02-12,180322.28807492668
2024-02-13,179699.61529981653
2024-02-14,186954.32978855463
2024-02-15,189290.69402555167
2024-02-16,188671.4496467264
2024-02-17,186384.22050663127
2024-02-18,189435.29531620815
2024-02-19,190095.14662093745
2024-02-20,190702.7527663602
2024-02-21,191451.06968190128
2024-02-22,189928.66739340156
2024-02-23,186890.194328408
2024-02-24,191467.90274497273
2024-02-25,194140.1604512401
2024-02-26,202358.6808104051
2024-02-27,204204.152097298
2024-02-28,218863.04482456183
2024-02-29,218078.01988105566
2024-03-01,223441.33145921704
2024-03-02,223621.44145784804
2024-03-03,226272.71653079524
2024-03-04,235025.9159016043
2024-03-05,223010.71372347284
2024-03-06,236655.36234443932
2024-03-07,250225.4532432018
2024-03-08,253577.6470089451
2024-03-09,254217.61128569013
2024-03-10,259708.59752202165
2024-03-11,267039.87786712154
2024-03-12,267913.2895374369
2024-03-13,287136.8275194828
2024-03-14,285752.7054325134
2024-03-15,287740.6947339097
2024-03-16,272038.55696077144
2024-03-17,284453.4636881562
2024-03-18,277094.3738149185
2024-03-19,248984.55700269598
2024-03-20,276035.355699014
2024-03-21,268389.5363049402
2024-03-22,262048.0044488229
2024-03-23,260930.69777333195
2024-03-24,272781.60227706167
2024-03-25,282377.69158342166
2024-03-26,282181.3909034593
2024-03-27,277694.1399112011
2024-03-28,282509.2752939489
2024-03-29,284983.84983023093
2024-03-30,284066.9324472398
2024-03-31,292355.04597508995
2024-04-01,280438.03665516933
2024-04-02,264848.78683119896
2024-04-03,268494.04846615694
2024-04-04,273887.069806953
2024-04-05,268539.44787134085
2024-04-06,272829.12189014506
2024-04-07,275522.93845136603
2024-04-08,283300.9768107625
2024-04-09,273295.8145177435
2024-04-10,279317.51753481384
2024-04-11,276887.6880978834
2024-04-12,260046.29998362157
2024-04-13,241452.8363916233
2024-04-14,253089.05612476653
2024-04-15,243003.59673014056
2024-04-16,240349.1240698641
2024-04-17,233731.00906862284
2024-04-18,243871.2910934641
2024-04-19,244441.87873433364
2024-04-20,253106.55564331854
2024-04-21,252895.9391594134
2024-04-22,261958.57959983786
2024-04-23,261221.65751232326
2024-04-24,254875.83732351314
2024-04-25,254579.9121095429
2024-04-26,249324.35781837907
2024-04-27,252240.3400266609
2024-04-28,250993.50188621535
2024-04-29,249964.50383075152
2024-04-30,236394.32078547298
2024-05-01,235304.40932708533
2024-05-02,237425.67147000023
2024-05-03,249022.6628326819
2024-05-04,251200.6189138547
2024-05-05,252242.83584950917
2024-05-06,252587.8092025969
2024-05-07,247326.1826258142
2024-05-08,244422.41513361945
2024-05-09,252891.57903193467
2024-05-10,244078.6556862801
2024-05-11,244597.48563375964
2024-05-12,245044.22620347666
2024-05-13,248385.01343752263
2024-05-14,240686.8014282734
2024-05-15,256815.83917907302
2024-05-16,253054.2996595671
2024-05-17,263251.60043993976
2024-05-18,264884.8353071879
2024-05-19,261542.31794989994
2024-05-20,288528.69628089404
2024-05-21,288706.2000533252
2024-05-22,285790.2323277937
2024-05-23,283310.5190046381
2024-05-24,279596.22691581823
2024-05-25,281260.17272348364
2024-05-26,279593.6298055562
2024-05-27,285092.7607418733
2024-05-28,282245.3416056026
2024-05-29,279203.62134672736
2024-05-30,278896.4770056239
2024-05-31,277657.59798351576
2024-06-01,280042.4249102132
2024-06-02,278256.9988976995
2024-06-03,282527.5613216517
2024-06-04,294748.64663782733
2024-06-05,298585.35678294353
2024-06-06,297113.17588953685
2024-06-07,286786.1676465426
2024-06-08,284606.1382545449
2024-06-09,286355.70118293056
2024-06-10,279049.04707469186
2024-06-11,266778.5507938437
2024-06-12,273427.65703121404
2024-06-13,264537.43196446786
2024-06-14,262533.87518043636
2024-06-15,266022.1947746727
2024-06-16,270436.0167700183
2024-06-17,263846.40090648853
2024-06-18,257589.85334161058
2024-06-19,259148.22999032505
2024-06-20,255938.2414805575
2024-06-21,255649.30690097678
2024-06-22,255467.2213375903
2024-06-23,249196.31594362648
2024-06-24,245828.08098328876
2024-06-25,251209.578450819
2024-06-26,249360.16699551663
2024-06-27,258507.45076805784
2024-06-28,250084.377205453
2024-06-29,251035.7170332119
2024-06-30,258150.69754033792
2024-07-01,257797.01185504615
2024-07-02,260214.8810438336
2024-07-03,247609.34199120925
2024-07-04,229435.5110391978
2024-07-05,228673.5655186807
2024-07-06,238887.08056774488
2024-07-07,225037.42050481588
2024-07-08,233362.90117472166
2024-07-09,237048.84867671336
2024-07-10,238511.63375756989
2024-07-11,235471.02524678403
2024-07-12,239313.78551480884
2024-07-13,242365.37664223142
2024-07-14,249186.62076484837
2024-07-15,267360.20183983276
2024-07-16,266418.00293757976
2024-07-17,261368.27868353212
2024-07-18,263935.04722239345
2024-07-19,274761.31360130536
2024-07-20,277310.5037113143
2024-07-21,284180.05988315045
2024-07-22,277627.9009178181
2024-07-23,273949.64624256245
2024-07-24,271650.011634576
2024-07-25,265949.8477221903
2024-07-26,275692.715263694
2024-07-27,275549.08043053874
2024-07-28,276995.532165675
2024-07-29,274503.5891210847
2024-07-30,273474.30936831865
2024-07-31,266691.15793899185
2024-08-01,264987.95602577727
2024-08-02,247170.32536561904
2024-08-03,238929.50223553367
2024-08-04,226571.49539143697
2024-08-05,209635.3331827716
2024-08-06,220712.66541747618
2024-08-07,216206.96419006083
2024-08-08,242113.16294011124
2024-08-09,235867.11386034312
2024-08-10,237015.46631602885
2024-08-11,226609.22128150228
2024-08-12,234476.0001933709
2024-08-13,236096.63316874974
2024-08-14,232073.34075368487
2024-08-15,228026.22550096526
2024-08-16,228493.55635904943
2024-08-17,233166.93615252123
2024-08-18,231153.06572238126
2024-08-19,236406.5584467105
2024-08-20,234896.68550112087
2024-08-21,238636.5626169289
2024-08-22,239217.03803771647
2024-08-23,251122.04890516726
2024-08-24,253211.96330721196
2024-08-25,251364.7440074713
2024-08-26,244980.5467603381
2024-08-27,230857.88132474618
2024-08-28,231440.0091235912
2024-08-29,230088.86047108367
2024-08-30,228869.93352602844
2024-08-31,227089.96404296314
2024-09-01,218451.05244570688
2024-09-02,226942.03919553
2024-09-03,218913.89203986537
2024-09-04,221393.8827044227
2024-09-05,215515.40689460153
2024-09-06,206678.0987968768
2024-09-07,209757.48679405477
2024-09-08,213013.1251674586
2024-09-09,220231.49049523842
2024-09-10,221525.71703035454
2024-09-11,220219.67825269903
2024-09-12,224486.0341076548
2024-09-13,231061.49609627126
2024-09-14,228969.51977609823
2024-09-15,223342.34784897938
2024-09-16,220038.0974717549
2024-09-17,224445.32576487752
2024-09-18,229140.7930245649
2024-09-19,236838.63447104802
2024-09-20,241158.00281300914
2024-09-21,245706.7579137265
2024-09-22,243236.5031293529
2024-09-23,246261.72244942322
2024-09-24,250822.19487087007
2024-09-25,244142.45587110778
2024-09-26,251381.29983123823
2024-09-27,255391.2970339165
2024-09-28,254061.10475055827
2024-09-29,253508.33225404192
2024-09-30,244601.68036774584
2024-10-01,233419.6555369793
2024-10-02,228772.18429441552
2024-10-03,227395.37690928462
2024-10-04,233969.27668048255
2024-10-05,234494.6019058607
2024-10-06,238189.72730865798
2024-10-07,235551.25378522882
2024-10-08,237462.65189433418
2024-10-09,231540.55601430844
2024-10-10,230821.82109050287
2024-10-11,237911.5456623472
2024-10-12,240111.45585601896
2024-10-13,239701.97079625062
2024-10-14,252435.51080716902
2024-10-15,252289.1962309071
2024-10-16,253375.12951915627
2024-10-17,250665.56151925956
2024-10-18,254990.10535047422
2024-10-19,256924.88241499302
2024-10-20,263873.60685657716
2024-10-21,259108.52034416518
2024-10-22,258101.6707998727
2024-10-23,255249.06332160422
2024-10-24,260411.83897721829
2024-10-25,249917.71882526734
2024-10-26,254505.04141129812
2024-10-27,258807.7000047501
2024-10-28,264108.1213732342
2024-10-29,269550.0681865841
2024-10-30,266809.724729793
2024-10-31,256905.67126407445
2024-11-01,254620.82812925964
2024-11-02,253599.2889478112
2024-11-03,249520.1693382294
2024-11-04,244830.15071071722
2024-11-05,251370.57221848622
2024-11-06,275520.4071951504
2024-11-07,284479.56893672666
2024-11-08,287934.171063372
2024-11-09,295335.24569899135
2024-11-10,304312.8606620362
2024-11-11,324935.7714588713
2024-11-12,313158.75898141623
2024-11-13,314657.57321025344
2024-11-14,307007.73604188417
2024-11-15,313938.8388964465
2024-11-16,314079.94183271064
2024-11-17,319463.91365648806
2024-11-18,324210.6176376422
2024-11-19,322150.0803467433
2024-11-20,320851.16721095477
2024-11-21,341046.69490792835
2024-11-22,342536.7149578055
2024-11-23,344868.9748662586
2024-11-24,344731.8363033829
2024-11-25,332404.01898750407
2024-11-26,325083.6801288957
2024-11-27,344587.4334031261
2024-11-28,342374.03780877625
2024-11-29,346498.0327685404
2024-11-30,346045.17194897524
2024-12-01,346883.8974973501
2024-12-02,339044.922403227
2024-12-03,352819.1891731291
2024-12-04,359575.8920431859
2024-12-05,356744.8490717026
2024-12-06,366372.0406227541
2024-12-07,369332.0567698786
2024-12-08,369311.8896596653
2024-12-09,344561.4051866721
2024-12-10,339259.2403346675
2024-12-11,357745.1926436344
2024-12-12,357102.43367257895
2024-12-13,360619.3935113358
2024-12-14,356590.3472516349
2024-12-15,363454.19545852713
2024-12-16,362406.86840319005
2024-12-17,362905.46786316944
2024-12-18,340917.2958645546
2024-12-19,325827.8869142314
2024-12-20,329300.9971924507
2024-12-21,318359.72694799287
2024-12-22,313222.55038615194
2024-12-23,325838.45529504254
2024-12-24,334079.46743602795
2024-12-25,335665.06094803615
2024-12-26,323301.09725865663
2024-12-27,320473.2214399341
2024-12-28,331430.0869342348
2024-12-29,323412.8598488472
2024-12-30,324578.34707123094
2024-12-31,323453.4622416925
2025-01-01,327639.58161979204
2025-01-02,337765.62523821107
2025-01-03,347503.89790312375
2025-01-04,347992.50810368394
2025-01-05,345810.90002620505
2025-01-06,354839.700319791
2025-01-07,332547.91802360397
2025-01-08,327431.1773822335
2025-01-09,316177.59843351564
2025-01-10,321266.76289123134
2025-01-11,322127.82387735153
2025-01-12,321491.53347794694
2025-01-13,315341.6963054606
2025-01-14,322443.9437027159
2025-01-15,341046.63109160133
2025-01-16,338482.2943257999
2025-01-17,351166.38151465496
2025-01-18,362869.5825286947
2025-01-19,350858.8059972178
2025-01-20,349899.4831381826
2025-01-21,358564.7610759983
2025-01-22,357164.3352450209
2025-01-23,357755.9277317067
2025-01-24,356716.1973975489
2025-01-25,358694.69602980616
2025-01-26,346495.5329665647
2025-01-27,344282.6843133727
2025-01-28,335615.0512846196
2025-01-29,339840.6678053928
2025-01-30,349288.93799012713
2025-01-31,346413.78880145657
2025-02-01,329945.96145601873
2025-02-02,312856.66921146924
2025-02-03,320872.70418634615
2025-02-04,304546.1761040897
2025-02-05,300947.12665983493
2025-02-06,295922.495414522
2025-02-07,295840.2399396368
2025-02-08,303348.4550988906
2025-02-09,304071.5850108752
2025-02-10,306169.1421875587
2025-02-11,305129.58280183707
2025-02-12,316830.2802399946
2025-02-13,309324.9500331389
2025-02-14,312949.91695324006
2025-02-15,310430.7575090445
2025-02-16,307162.8202223709
2025-02-17,304258.8157130792
2025-02-18,296454.97067506495
2025-02-19,298839.1505212642
2025-02-20,304210.48128477373
2025-02-21,296402.86184620706
2025-02-22,303263.60305814195
2025-02-23,301612.1824435795
2025-02-24,272942.79681574303
2025-02-25,272562.7834414551
2025-02-26,259251.87015735035
2025-02-27,259287.32964600663
2025-02-28,260129.94485970098
2025-03-01,261077.3109453781
2025-03-02,293795.12232513085
2025-03-03,256104.14112200172
2025-03-04,259626.2394224884
2025-03-05,266442.27634994936
2025-03-06,263230.012834072
2025-03-07,257137.74163050126
2025-03-08,257291.05656882218
2025-03-09,238750.6838006776
2025-03-10,226225.0597032162
2025-03-11,236616.03619632116
2025-03-12,239238.0626668062
2025-03-13,235545.37069108765
2025-03-14,244775.94239729294
2025-03-15,250253.76952746522
2025-03-16,241064.8019788435
2025-03-17,247217.49902867025
2025-03-18,244759.0502778606
2025-03-19,255754.04040745873
2025-03-20,249140.02649964124
2025-03-21,249367.95675917668
2025-03-22,248871.4062866827
2025-03-23,253106.6917103969
2025-03-24,261759.51745433817
2025-03-25,261682.34236348886
2025-03-26,255429.04797969008
2025-03-27,257988.35896369375
2025-03-28,246534.63648198187
2025-03-29,238992.50938312244
2025-03-30,238177.64055203032
2025-03-31,238901.65728089653
2025-04-01,245139.74588047736
2025-04-02,233181.24406450128
2025-04-03,234460.51241136412
2025-04-04,238235.52459917677
2025-04-05,235975.26011378175
2025-04-06,214206.08328378855
2025-04-07,214223.1338078916
2025-04-08,208674.37131071868
2025-04-09,229369.6590140501
2025-04-10,218795.92737150812
2025-04-11,227938.44145436323
2025-04-12,238204.57538181936
2025-04-13,232428.59555195388
2025-04-14,234447.99975136365
2025-04-15,230526.02728245684
2025-04-16,233081.71804151105
2025-04-17,236279.19562668807
2025-04-18,235911.83088318506
2025-04-19,239815.45566662573
2025-04-20,238168.41156166443
2025-04-21,239407.38366906106
2025-04-22,257637.0320566792
2025-04-23,258898.38584946343
2025-04-24,258358.32905729781
2025-04-25,258447.77612516104
2025-04-26,259852.66520760255
2025-04-27,257254.90801376535
2025-04-28,258655.8993081101
2025-04-29,256848.45043765422
2025-04-30,257060.8120441151
2025-05-01,261652.0288236328
2025-05-02,260968.34430693206
2025-05-03,259231.9110786018
2025-05-04,254632.29317938242
2025-05-05,257821.81104587435
2025-05-06,259743.14243585357
2025-05-07,259872.93720064705
2025-05-08,288672.53660288797
2025-05-09,300879.21797480347
2025-05-10,311816.5559662225
2025-05-11,305673.5657488019
2025-05-12,305620.7035503979
2025-05-13,316886.5863882955
2025-05-14,309908.2831141417
2025-05-15,304936.4845563962
2025-05-16,302978.2207726512
2025-05-17,299369.457699545
2025-05-18,307197.04538366693
2025-05-19,304416.2127911001
2025-05-20,306050.8687928194
2025-05-21,313849.7696232067
2025-05-22,323145.47598859115
2025-05-23,309754.7201363295
2025-05-24,312322.21606974164
2025-05-25,313974.2021765132
2025-05-26,314866.2075495061
2025-05-27,319774.01071688393
2025-05-28,317511.9084577565
2025-05-29,310504.41259074036
2025-05-30,299218.8326337245
2025-05-31,299980.33844952617
2025-06-01,301968.9049404243
2025-06-02,304332.78391933517
2025-06-03,302285.5645689204
2025-06-04,301462.6669318142
2025-06-05,285760.52530068206
2025-06-06,292365.1588589585
2025-06-07,296709.4065175071
2025-06-08,297718.26743959263
2025-06-09,311759.33091442415
2025-06-10,318573.91759019974
2025-06-11,313409.95048310986
2025-06-12,301920.98480262863
2025-06-13,298616.2334632614
2025-06-14,293656.603631698
2025-06-15,298791.7125685939
2025-06-16,298735.2547989458
2025-06-17,294295.74913394195
2025-06-18,293984.0694016171
2025-06-19,294049.1170980709
2025-06-20,285939.6818025408
2025-06-21,278038.30957598164
2025-06-22,271827.919221861
2025-06-23,289708.9194799797
2025-06-24,292379.30511531245
2025-06-25,291462.74219579966
2025-06-26,288405.2452704983
2025-06-27,290642.0096500454
2025-06-28,295922.8064669492
2025-06-29,300606.80953488685
2025-06-30,300287.6839490145
2025-07-01,291777.2918387631
2025-07-02,303167.73346993723
2025-07-03,304784.69172663946
2025-07-04,297747.41569317685
2025-07-05,298359.2213742593
2025-07-06,303622.52536087116
2025-07-07,300413.41017263714
2025-07-08,304385.2230568882
2025-07-09,314092.4010061448
2025-07-10,328296.45576362225
2025-07-11,329360.14884958277
2025-07-12,327243.9931423931
2025-07-13,330170.92617656046
2025-07-14,332048.42121794337
2025-07-15,335030.77344174805
2025-07-16,349080.8710211972
2025-07-17,354823.52152772015
2025-07-18,357530.5348734506
2025-07-19,358842.8136546009
2025-07-20,367674.16963750834
2025-07-21,376283.9590828293
2025-07-22,385252.5338021527
2025-07-23,372409.67339499504
2025-07-24,370173.3931787852
2025-07-25,373789.8102741363
2025-07-26,374429.6524368353
2025-07-27,386782.12896575185
2025-07-28,378742.9015732873
2025-07-29,375501.0535685986
2025-07-30,372543.75074374414
2025-07-31,364049.6109601235
2025-08-01,348883.991895058
2025-08-02,341300.786870085
2025-08-03,348738.23289982445
2025-08-04,361077.3505937261
2025-08-05,353214.9577203727
2025-08-06,359464.4609985825
2025-08-07,373060.31314955547
2025-08-08,376119.52375738544
2025-08-09,384155.22362931067
2025-08-10,388718.8550805761
2025-08-11,383181.396215091
2025-08-12,405221.00248205825
2025-08-13,418431.00209216913
2025-08-14,404091.114809288
2025-08-15,395832.9604450752
2025-08-16,398846.29513087875
2025-08-17,402714.9491261919
2025-08-18,392886.8343913803
2025-08-19,378384.6015854885
2025-08-20,397054.2772879267
2025-08-21,385561.0105273313
2025-08-22,421082.3309678037
2025-08-23,418060.0101660697
2025-08-24,416815.69689439103
2025-08-25,390982.6020920899
2025-08-26,404822.7057339398
2025-08-27,404967.99905342225
2025-08-28,414148.57906141283
2025-08-29,400990.1738932468
2025-08-30,400508.7520621758
2025-08-31,398866.60182473244
2025-09-01,394991.83666718757
2025-09-02,403961.89223948965
2025-09-03,408168.6513378439
2025-09-04,398352.4607074818
2025-09-05,399798.5351399486
2025-09-06,398262.46079614206
2025-09-07,405190.1436663236
2025-09-08,409622.75562841026
2025-09-09,410944.8693458373
2025-09-10,418953.994553947
2025-09-11,426223.34330124693
2025-09-12,441648.11599868955
2025-09-13,441624.5625239998
2025-09-14,437496.11789180955
2025-09-15,432363.05673364707
2025-09-16,438625.3816301663
2025-09-17,448064.6233701119
2025-09-18,448802.12048874417
2025-09-19,440792.4075412456
2025-09-20,448255.5396210126
2025-09-21,445808.81576733186
2025-09-22,423860.07085366506
2025-09-23,421426.79040161025
2025-09-24,421788.3134693263
2025-09-25,393790.6379831467
2025-09-26,406288.3053210858
2025-09-27,405894.2931068623
2025-09-28,417609.0081183467
2025-09-29,426263.7794204693
2025-09-30,420010.07144800026
2025-10-01,437930.2445158143
2025-10-02,456206.6810028961
2025-10-03,467995.60151569144
2025-10-04,461176.6828207934
2025-10-05,464923.1855603101
2025-10-06,477883.4721848791
2025-10-07,470238.1558868284
2025-10-08,479316.3308086085
2025-10-09,464541.9412878754
2025-10-10,410516.5673282569
2025-10-11,403502.76058341295
2025-10-12,444253.22752879525
2025-10-13,452722.06929674646
2025-10-14,436618.6926774139
2025-10-15,421955.10994821985
2025-10-16,410595.1723793259
2025-10-17,399052.78011910623
2025-10-18,406311.9489219514
2025-10-19,411917.123882303
2025-10-20,413736.10069264594
2025-10-21,402615.4773927123
2025-10-22,398590.18292610534
2025-10-23,413575.39891454316
2025-10-24,416124.21467587043
2025-10-25,418065.79998702626
2025-10-26,431567.54653469333
2025-10-27,429496.16352875123
2025-10-28,418885.96719316527
2025-10-29,414469.26425534266
2025-10-30,402679.13745418214
2025-10-31,407301.00207121915
2025-11-01,408497.19243216375
2025-11-02,409465.530577166
2025-11-03,377583.2024483284
2025-11-04,353117.81266818824
2025-11-05,365186.25809026667
2025-11-06,355208.35547517525
2025-11-07,367724.0069520316
2025-11-08,363733.745723173
2025-11-09,374999.8830223053
2025-11-10,376891.3362089912
2025-11-11,359942.8775475581
2025-11-12,357447.2349330547
2025-11-13,343450.708253317
2025-11-14,331345.4177248267
2025-11-15,335652.45030930045
2025-11-16,330576.5441001324
2025-11-17,321641.6981828226
2025-11-18,332946.2313816175
2025-11-19,323798.6152049966
2025-11-20,309512.36637186585
2025-11-21,300191.31966654543
2025-11-22,299627.9634416793
2025-11-23,304979.7108236227
2025-11-24,316901.4352961629
2025-11-25,316309.70765647915
2025-11-26,325912.14280737104
2025-11-27,325498.02908360824
2025-11-28,322722.384295203
2025-11-29,319392.6173552861
2025-11-30,317852.4594474996
2025-12-01,300683.02669347264
2025-12-02,322003.0219400729
2025-12-03,336599.04081513925
2025-12-04,328730.3508844687
2025-12-05,318478.86063714727
2025-12-06,318781.28482810175
2025-12-07,320774.81182249635
2025-12-08,323531.3952294678
2025-12-09,333201.9810775677
2025-12-10,331420.83067871275
2025-12-11,329100.81108140224
2025-12-12,320328.73157075647
2025-12-13,322987.7378701245
2025-12-14,315783.16516064585
2025-12-15,309032.80416075035
2025-12-16,312588.15984580555
2025-12-17,301285.26905572036
2025-12-18,297115.80485792237
2025-12-19,309833.4808526394
2025-12-20,309526.3692443096
2025-12-21,310953.54971731076
2025-12-22,311053.73557672655
2025-12-23,306422.77558819286
2025-12-24,305422.59875761246
2025-12-25,300841.2607368619
2025-12-26,303426.9846712578
2025-12-27,306883.54963843175
2025-12-28,308626.65606847004
2025-12-29,305817.1106613528
2025-12-30,309739.6579776712
2025-12-31,308968.7249931621
